targa,cavalli,velocita,numero_posti,data_immatricolazione,cilindrata,data,modello,codice_combustibile,proprietario
SO667YQ,291,170,5,2014-09-05,1600,2022-06-08,10,4,337
CT082SC,287,210,2,2006-01-24,1200,2019-01-22,6,2,561
XK890UA,97,165,4,2023-03-02,2000,2024-02-29,14,3,386
SZ713RT,273,204,4,2000-07-23,1600,2018-12-18,11,1,769
TA120SM,169,229,7,2010-05-11,1400,2011-11-27,20,2,278
GC632RG,175,242,4,2018-01-22,2000,2022-10-09,9,5,1121
YE489AI,72,196,7,2009-12-18,1400,2011-05-30,19,5,615
LZ546HP,173,202,5,2008-11-07,1200,2011-05-26,15,4,1040
AM668BP,280,176,7,2010-10-13,2000,2020-12-21,16,4,1149
KC858DS,126,188,5,2021-11-07,1600,2022-12-27,20,5,921
DX766QX,129,204,2,2023-11-05,1600,2024-05-19,16,2,640
KK921JD,182,194,7,2019-03-03,1800,2020-07-07,2,2,985
EK905NE,100,195,4,2019-03-30,1800,2020-03-02,18,2,1
ZN984CV,183,159,2,2006-12-02,1400,2013-01-05,17,5,481
DL011MB,102,188,5,2011-05-15,1600,2021-01-03,4,1,739
DR543RP,92,155,7,2000-08-12,2000,2001-12-10,5,1,202
AJ287MA,276,218,5,2005-01-24,1800,2013-11-26,9,1,640
UC310SH,274,202,4,2011-08-21,2000,2018-04-05,15,5,527
IZ723DQ,214,242,2,2015-07-10,1200,2019-02-19,19,3,832
RP292CN,103,219,5,2011-08-01,1800,2017-06-19,6,4,479
JG973RU,118,165,5,2008-04-11,1800,2012-07-22,5,1,475
GQ243NS,214,158,4,2007-10-17,1400,2013-02-18,7,1,275
RY086QK,223,238,7,2012-01-30,1400,2013-10-10,15,2,883
XZ208KL,123,171,2,2008-02-25,1600,2008-06-27,1,3,940
SR399NI,261,161,2,2016-11-12,1600,2018-11-13,13,5,124
TB974WZ,117,150,7,2018-07-27,2000,2021-12-29,10,4,706
FF880CJ,172,158,5,2023-11-17,1600,2024-06-01,18,5,1121
PL376AT,246,158,7,2020-01-01,2000,2020-02-29,15,4,1170
KZ052IT,117,188,2,2008-05-10,1400,2023-03-03,8,2,648
KI075WT,262,224,4,2017-12-27,1400,2018-06-06,17,4,678
LJ443CE,223,203,2,2010-06-08,1400,2019-09-29,18,1,278
VB787JG,164,165,7,2017-09-09,2000,2024-11-20,17,5,1233
OC748MM,276,238,4,2007-01-16,1400,2018-08-15,17,3,428
LE548HT,300,248,2,2009-07-15,1800,2023-08-30,19,2,566
CW635PY,271,196,7,2015-08-18,1600,2023-04-02,3,5,380
WV519PM,255,200,7,2013-02-26,2000,2017-08-13,16,1,258
GI260AQ,133,249,4,2021-10-13,1200,2024-12-20,13,5,719
YD465LT,83,210,5,2017-05-08,1800,2017-05-19,2,4,512
AU100CU,191,188,5,2004-09-11,1600,2007-02-17,10,5,972
ZO896GO,289,210,7,2015-02-20,1600,2020-03-21,9,2,421
XH019GH,175,241,7,2012-07-10,1800,2024-01-22,11,5,692
UG973QB,276,227,5,2003-09-25,1600,2011-06-26,2,3,505
ZR008XY,213,167,2,2010-05-16,1400,2022-10-29,18,1,730
FL112HY,154,181,7,2015-12-27,1800,2023-08-14,12,5,165
TP052UJ,95,238,7,2019-11-14,1800,2022-11-15,6,5,233
NW224RJ,260,246,7,2017-12-23,1600,2019-12-09,3,5,1143
OJ177CV,159,168,4,2019-08-03,1400,2022-01-26,18,4,1079
MH474AW,165,211,7,2010-05-21,1800,2014-02-14,12,3,1041
RF400DC,117,167,4,2000-03-27,1800,2021-03-02,11,1,773
XB428DT,127,185,4,2011-12-10,1200,2024-02-10,11,5,50
PM164MR,256,245,5,2023-11-10,1800,2024-10-27,19,2,99
XL169DX,81,233,4,2021-05-22,2000,2021-11-26,2,1,89
KI984RK,262,202,7,2011-08-24,1200,2024-03-06,1,5,208
RO560CZ,199,240,7,2015-11-16,1200,2023-09-17,18,1,452
SL915KG,258,154,5,2020-11-26,1400,2023-03-21,16,2,1191
PY278QG,159,201,7,2016-11-22,1400,2024-01-18,14,4,675
MH715SM,97,174,2,2018-09-07,2000,2023-09-01,14,5,857
MQ601WA,172,210,4,2007-01-21,1200,2008-05-03,6,4,633
SV302XY,267,173,7,2023-11-30,1800,2024-03-14,7,5,1221
CE902CY,102,211,4,2018-10-23,1800,2022-05-13,18,1,126
NT979FR,214,189,2,2014-04-30,1600,2018-11-13,11,5,1100
YK192WO,93,199,5,2010-02-14,1800,2017-07-06,17,1,272
XY820YI,198,223,4,2014-02-25,2000,2023-10-20,15,1,183
IN590VX,198,193,4,2002-01-30,1200,2020-04-22,15,4,367
CL535IZ,280,224,5,2021-11-27,2000,2023-01-14,9,4,1000
WW392BE,296,246,4,2003-05-27,1800,2020-05-29,8,4,436
HN981UY,165,165,2,2009-07-08,1200,2024-04-01,3,1,1124
PF781OQ,292,243,2,2019-02-24,1800,2022-01-24,13,3,26
GZ578HY,194,188,4,2012-08-31,1800,2020-03-22,15,5,464
ZM840QU,173,217,4,2019-11-16,1800,2020-09-24,18,3,750
YQ759OR,178,224,5,2005-05-20,1800,2008-07-31,11,4,786
EY982WI,193,150,5,2016-04-21,1800,2020-12-30,8,4,1047
NJ793DE,197,167,7,2016-12-15,2000,2018-05-03,3,1,212
IP254AP,111,164,4,2015-07-18,1200,2017-06-13,1,5,316
RI759TO,288,177,7,2004-04-18,2000,2011-01-13,7,2,176
UI860AR,284,178,2,2006-05-12,1800,2014-12-09,7,4,546
AL843CK,78,175,5,2022-09-14,2000,2024-09-25,4,1,963
WJ449KW,298,175,4,2015-05-14,1800,2016-04-24,10,1,1238
KV307YQ,84,219,2,2004-02-14,1200,2015-03-01,16,5,864
BX228JM,203,190,4,2003-01-19,1200,2010-08-16,18,2,709
KW452AN,250,201,5,2005-08-11,1200,2021-08-29,7,1,83
JO717IG,273,159,5,2015-04-18,1800,2016-07-10,19,5,573
PK573DG,288,152,5,2009-07-06,1600,2013-07-14,8,2,163
EW972OW,96,217,4,2007-01-19,1200,2008-05-19,20,5,1183
QK093DW,256,206,7,2000-12-22,1400,2023-01-17,9,3,1081
TK685AF,193,250,5,2003-05-07,1200,2021-05-10,5,1,29
AA458KP,297,174,2,2021-01-17,2000,2021-08-07,5,1,97
DY201HO,256,199,4,2014-06-13,1200,2021-03-03,5,5,1116
FJ600VF,113,214,4,2017-11-02,1400,2024-02-20,1,5,865
DG936RT,229,250,7,2007-02-16,1200,2018-04-24,11,3,298
MS726CU,226,151,5,2005-12-11,1200,2023-12-21,6,2,507
TS362NO,286,166,5,2004-11-21,2000,2007-07-04,6,4,1115
OZ849EK,108,191,7,2019-04-19,1800,2022-03-23,2,1,1102
HG378IF,271,212,5,2022-05-30,1400,2024-11-18,12,5,1083
AF449MC,140,238,5,2018-03-05,1600,2022-01-02,15,4,1141
CB071AE,276,155,7,2012-08-07,1400,2020-10-18,13,3,742
FZ404BO,287,180,5,2009-02-11,2000,2023-05-30,10,2,1084
CS894VK,242,152,7,2020-09-04,1200,2023-04-05,19,2,1159
LL038MO,204,168,5,2005-03-04,1600,2016-06-14,2,4,623
WZ574WH,199,187,4,2016-12-17,1600,2018-07-23,8,4,730
DE134HQ,121,224,7,2018-04-18,1800,2018-08-23,7,2,912
HO614FA,222,205,5,2001-11-29,2000,2002-10-18,9,4,1177
EF104PW,236,244,5,2007-03-10,1200,2007-05-13,20,4,250
XT861AM,206,164,2,2002-03-06,1400,2007-01-13,11,2,285
IT152VM,269,168,7,2022-12-13,1400,2024-11-15,2,1,1133
UL296MD,138,164,4,2021-01-19,1800,2024-09-03,19,4,1226
NF489AA,79,185,2,2023-03-26,1800,2024-07-09,10,3,465
TC611QY,196,184,5,2000-08-31,1400,2011-07-09,20,5,347
DF121HX,203,220,4,2007-11-04,1800,2013-06-12,8,3,1055
CK933DU,71,172,2,2001-12-11,1200,2004-08-22,14,2,345
GY910FI,272,185,2,2000-01-25,1200,2002-06-02,1,2,503
WA613UM,160,244,2,2004-06-16,2000,2024-09-05,5,3,1037
JZ732NP,237,152,4,2003-03-14,1600,2007-06-29,5,3,1235
RV470VM,139,212,4,2007-05-01,1400,2009-02-18,7,2,1008
PA987JR,119,241,5,2007-06-25,1800,2009-08-26,14,2,617
QT877NF,114,226,5,2012-01-12,1200,2015-08-21,5,5,604
TS577RC,282,187,5,2018-08-04,1200,2024-03-25,3,5,497
WP790MM,272,156,2,2009-07-27,1600,2014-09-01,11,2,755
UD602KK,124,152,2,2014-04-16,1600,2018-07-30,5,3,497
EA041SR,188,185,4,2014-04-01,1800,2019-06-08,17,4,647
YH327EI,270,236,7,2020-07-18,1800,2022-04-07,2,4,280
XU658IL,250,227,5,2011-06-22,1600,2019-10-07,19,5,831
UP231IU,134,171,4,2009-06-07,2000,2013-11-10,10,2,1188
EM209PD,87,184,2,2003-02-07,1800,2013-11-29,5,2,225
VE767UW,160,236,4,2021-08-21,1800,2023-11-24,20,5,62
PQ192XY,160,199,5,2013-03-01,1800,2015-09-19,3,3,1182
CC937HN,175,172,4,2010-11-06,1600,2015-11-26,9,1,261
WO660CU,160,155,4,2015-12-06,2000,2016-07-06,8,1,1131
UB076RB,108,167,2,2004-05-14,1400,2016-11-18,17,4,488
OX100NB,210,151,7,2002-08-19,1200,2018-09-27,3,3,460
QG945CD,88,188,7,2009-07-13,1800,2012-06-13,1,2,435
BQ834FZ,130,247,5,2002-05-31,2000,2010-11-05,5,5,363
VQ800MM,136,248,2,2009-08-10,1200,2021-04-05,8,2,652
UN333GY,237,207,4,2022-12-04,1200,2023-06-21,11,3,1086
NT398XK,145,151,5,2019-08-26,1800,2019-12-21,8,1,482
JY221UM,215,236,2,2008-04-02,1400,2011-04-19,1,1,897
UF392CR,185,166,2,2012-01-22,2000,2020-06-28,16,4,1032
OB366LP,124,203,7,2008-04-10,2000,2019-08-12,5,3,864
SR033NI,163,250,4,2002-11-03,1800,2024-10-16,1,5,133
HN657RH,276,209,2,2004-12-10,1400,2022-12-05,18,2,1082
OB180WY,90,153,7,2006-07-17,1600,2024-07-25,12,4,460
HF540MF,155,243,4,2008-09-12,1400,2020-09-23,1,2,709
IG108JK,290,226,5,2002-12-05,1400,2023-10-29,6,3,428
ZE220BY,231,180,2,2011-02-09,1200,2022-04-24,7,4,372
FG912YR,171,226,7,2001-05-11,1600,2016-04-03,8,2,1066
IA454MD,169,152,7,2023-01-05,1600,2024-10-22,7,4,459
QY174MV,119,245,2,2000-11-05,1400,2013-09-13,7,3,158
ZB810UO,172,249,4,2005-06-13,1200,2017-04-22,5,2,133
AR539RZ,70,199,2,2010-11-11,2000,2021-12-06,19,5,241
GD595TJ,260,206,5,2005-07-17,1800,2017-08-06,3,5,257
FT757LW,208,155,2,2015-06-26,1200,2020-01-26,15,2,993
JF592AR,82,184,5,2005-01-07,1600,2018-01-21,1,4,950
FU785JY,298,229,7,2003-05-25,1200,2004-01-26,16,1,1003
BD440BB,138,183,5,2005-05-30,1800,2012-04-28,12,5,1183
ES299QU,240,179,4,2021-10-11,2000,2023-08-08,15,5,912
VN204JY,193,163,5,2020-07-30,1800,2024-03-08,5,1,793
LH572GW,141,235,2,2008-04-20,1600,2021-09-28,3,3,972
KB078AX,262,184,5,2018-01-21,1400,2019-01-26,20,2,1207
TR755BE,225,240,7,2023-04-16,1600,2023-10-19,19,5,452
LO787GR,143,238,2,2001-06-10,1400,2016-03-06,9,4,845
ED438HH,269,216,5,2002-09-05,2000,2021-04-18,10,2,951
KI184LN,71,242,7,2006-09-06,1400,2017-11-07,12,4,131
SN586LL,173,190,7,2002-01-24,1600,2015-11-28,10,4,35
BH846ZC,289,200,4,2013-09-25,1600,2022-10-03,2,3,796
FI033PK,101,186,2,2017-01-17,2000,2019-11-20,12,4,984
VN640EB,171,156,2,2019-04-21,1800,2019-09-10,6,2,735
NE467BH,247,209,4,2023-10-08,1400,2024-10-31,11,4,781
PK959EH,212,154,2,2000-07-06,1200,2003-03-18,7,3,707
WO305GV,177,199,5,2009-08-02,1200,2016-04-16,7,5,76
FJ925WO,246,230,4,2002-11-26,1600,2005-08-30,14,4,902
BC556NK,135,200,5,2012-11-14,1600,2022-11-24,17,5,808
PW430JR,195,250,5,2001-11-29,1200,2012-05-02,15,4,515
TR583NX,229,176,7,2020-01-07,1400,2021-12-10,6,2,1191
MG545IS,197,219,2,2021-03-02,2000,2024-09-08,13,5,431
EY531OT,81,175,7,2001-07-11,1400,2004-01-18,7,3,276
WF155UR,94,214,7,2006-05-21,1800,2022-09-21,15,3,694
YZ752VD,118,180,5,2014-09-23,1600,2024-03-26,10,1,1080
HO055QV,171,210,5,2019-09-08,1600,2019-09-21,6,2,24
KR754TQ,73,196,5,2018-06-22,1800,2020-09-16,4,4,200
JH692YW,95,168,5,2009-04-21,2000,2011-11-02,18,2,361
CU481MW,117,213,4,2018-09-16,1200,2023-11-12,14,5,989
NY044LT,126,211,5,2021-06-16,1600,2022-11-19,8,3,849
JY191HJ,159,237,2,2016-08-28,1800,2019-08-28,1,5,146
DN714QT,211,221,5,2010-01-25,2000,2022-11-06,8,1,113
VR591EP,89,231,7,2021-12-13,1600,2024-01-17,15,3,468
JY747XW,267,214,5,2013-02-07,2000,2014-02-07,2,4,934
XI836LO,73,198,2,2011-11-04,1200,2019-08-03,15,1,1200
WS546XW,104,199,7,2019-01-09,1200,2024-03-11,8,3,444
SH424BG,197,241,2,2005-12-18,2000,2018-03-02,18,1,492
RW006MP,163,183,2,2000-11-20,1800,2021-08-03,9,3,621
JS569TC,92,247,4,2017-05-11,1200,2021-10-16,8,5,502
GJ597IN,101,190,5,2014-10-10,1400,2019-02-13,6,1,660
VJ089BK,170,175,5,2000-08-05,1400,2012-09-23,12,5,922
IY348HX,273,181,7,2007-08-14,1600,2023-10-27,8,1,832
NP825YB,275,211,4,2000-11-11,1400,2005-12-29,15,3,44
WF363ZU,281,235,2,2022-03-22,1400,2023-11-15,18,1,825
KI281IB,293,218,4,2000-08-01,1800,2005-10-18,10,5,109
OA643OI,243,242,2,2022-04-06,2000,2024-10-20,14,2,993
VC665ZA,257,177,5,2007-11-08,1800,2009-03-15,5,4,411
CB834WU,122,194,7,2001-08-04,1400,2008-06-19,5,3,1128
KR101CJ,246,226,4,2023-01-11,2000,2024-11-15,15,2,470
XJ475AS,110,190,7,2009-02-07,1200,2022-01-22,20,4,666
LC489BB,115,227,4,2004-04-03,1600,2013-04-11,14,2,1130
AE005DE,183,208,4,2017-03-02,1400,2018-06-26,3,5,151
VO020VF,297,200,7,2000-03-04,2000,2002-11-06,4,5,201
GN457HP,253,198,5,2017-02-12,1200,2020-04-02,2,4,1082
KP380GX,126,155,2,2006-10-31,1200,2017-08-19,8,5,656
CX215NG,108,172,7,2013-04-30,1200,2018-09-22,14,1,356
DL194OS,72,154,4,2003-07-08,2000,2017-04-10,15,3,463
FH784MQ,248,231,4,2013-09-23,1200,2014-07-22,8,1,539
CG370DN,257,198,7,2023-02-24,1200,2024-09-13,7,1,1150
BT917YD,215,178,2,2013-06-18,2000,2023-12-02,14,5,1192
QF487HT,125,244,4,2022-10-07,1600,2023-04-13,20,5,13
LV348QE,198,216,2,2016-04-30,1400,2019-12-17,13,4,811
TC999BB,290,223,7,2018-11-10,1600,2023-11-10,18,1,1055
TR783OC,196,184,7,2005-10-15,1400,2022-08-09,4,4,630
NR732FE,166,238,4,2019-09-24,1200,2022-12-15,11,4,46
MC877UM,204,237,7,2011-03-10,1800,2022-10-12,19,4,483
RQ413AX,117,195,7,2010-09-13,1600,2015-08-28,9,5,215
UU272JG,296,208,5,2002-02-10,1800,2002-08-31,17,2,233
OV664OA,147,159,2,2003-09-17,1600,2020-04-22,2,2,926
ZQ327HS,269,213,4,2022-05-19,1200,2023-08-02,20,4,773
RH261NI,194,205,5,2003-08-01,1400,2018-06-30,13,4,37
HE231BV,173,163,7,2013-04-01,2000,2016-10-30,8,1,1100
BR918LX,164,165,5,2003-08-26,1800,2009-08-31,2,5,553
TH610BT,80,200,4,2021-02-09,1600,2022-01-08,10,1,789
HY522ZB,112,177,4,2011-07-06,1200,2019-05-26,7,4,489
MG675TE,131,170,4,2010-10-21,2000,2021-05-30,2,4,834
VT406NL,83,244,7,2009-06-19,1800,2016-03-27,3,4,972
TO330LE,152,240,4,2007-09-19,1400,2018-11-18,19,3,66
DP982UO,269,164,7,2012-11-15,2000,2019-03-09,14,4,940
QW516HO,110,180,5,2006-02-04,2000,2007-06-04,4,3,1199
HC873PJ,116,249,5,2020-11-25,2000,2021-07-10,7,2,904
DE364HH,197,209,5,2021-07-26,2000,2023-02-03,11,2,769
GU674KI,255,160,5,2011-12-07,2000,2021-06-14,12,1,471
II204LS,209,201,7,2017-02-22,1600,2020-05-08,13,4,1127
QN251FH,239,224,2,2009-08-08,2000,2010-03-15,11,4,1036
OX146EK,188,214,4,2009-08-09,1400,2014-09-12,3,5,688
ZL333ZL,241,213,7,2001-09-18,1200,2023-06-06,6,1,90
YG194QW,131,239,7,2015-03-22,1800,2024-03-06,16,4,1070
II787VE,170,234,5,2022-02-16,1400,2022-06-14,16,5,804
DT004QD,299,163,4,2002-08-03,2000,2009-09-07,1,4,276
VX593FJ,98,250,2,2004-02-23,1200,2022-03-19,4,4,48
AP443KZ,112,204,2,2005-08-13,1800,2019-05-21,20,5,632
OR921DO,127,214,2,2013-10-10,1200,2023-03-19,11,5,1141
XR155DC,120,150,7,2017-06-30,1200,2019-09-08,16,1,21
HB901ZU,90,220,7,2001-04-27,1400,2021-05-08,10,3,825
NJ531LX,274,192,7,2004-01-29,2000,2012-03-09,5,3,338
BX187QK,144,194,7,2006-02-27,1400,2011-01-14,15,2,1230
WD502KL,219,191,7,2009-11-02,1600,2022-01-17,5,5,64
AI210AZ,130,216,2,2009-02-08,1600,2011-11-08,15,3,612
MD891ML,128,167,5,2023-12-26,2000,2024-02-29,14,4,166
TC804KH,208,152,2,2003-04-07,1400,2017-02-04,2,2,277
TE326FD,117,161,4,2019-12-27,1200,2022-04-04,15,3,690
VR581AT,162,247,5,2018-04-20,1800,2022-05-11,8,5,551
AN683FZ,108,196,2,2009-08-17,1200,2015-11-29,16,5,577
YK958DB,157,171,2,2015-01-03,1200,2018-03-03,2,2,5
QC096FW,202,208,7,2015-05-26,2000,2023-08-06,4,5,533
BP229MO,277,154,2,2005-11-24,2000,2011-09-10,3,4,603
UB535WM,129,224,7,2011-06-11,1600,2011-11-21,1,4,13
JA308KZ,195,184,2,2010-11-26,1400,2015-08-10,1,3,269
VO275XB,191,189,2,2020-01-04,1600,2021-12-19,1,4,133
IF744AX,113,245,7,2019-08-20,1600,2024-01-08,7,2,535
GR789TU,128,187,2,2004-03-19,1200,2004-04-30,13,2,719
NN021YA,112,160,7,2023-09-23,1600,2024-08-19,16,3,794
US768DC,235,151,2,2022-10-21,1800,2023-08-13,5,1,494
TF735NR,262,150,7,2016-02-19,1200,2019-06-03,15,2,785
NC557ST,180,186,4,2010-06-02,1400,2024-03-23,5,3,640
KG400LI,108,174,5,2019-07-13,1200,2022-01-24,7,3,1049
AE177JR,113,242,2,2007-12-18,1800,2009-10-23,18,2,928
JN271SE,78,198,7,2003-05-03,1200,2009-04-19,3,4,266
GQ715XW,265,177,2,2008-08-06,1400,2023-08-27,6,3,931
AR674HX,299,236,4,2008-07-19,1400,2016-08-02,1,1,788
FE722MC,99,218,4,2007-08-28,1400,2009-02-23,8,2,831
SL201KU,162,154,7,2022-10-16,1200,2023-11-28,11,3,150
YI300TR,283,249,2,2013-01-27,2000,2013-04-23,12,1,203
AE807RY,118,193,5,2022-07-07,1800,2023-09-15,11,2,1201
QT195IG,263,183,2,2017-01-16,1400,2022-11-16,15,2,21
EB064AS,132,170,2,2012-05-03,1600,2014-09-02,5,5,150
OR235EQ,138,227,5,2011-12-07,2000,2023-01-22,4,4,353
RA712SK,270,168,4,2002-12-04,1800,2013-07-16,2,1,889
IJ920VZ,120,181,5,2013-10-04,1800,2020-11-24,18,1,331
DS908IT,294,162,2,2021-03-24,2000,2024-10-17,13,5,50
HR541ZC,281,235,4,2018-02-08,1600,2021-12-14,14,2,27
GO063NI,142,184,5,2006-05-23,1800,2017-04-05,14,2,774
XT240PR,177,230,5,2019-06-07,1800,2021-06-10,17,2,31
AQ416AH,97,164,2,2005-08-04,2000,2012-11-09,2,4,393
DU530EM,270,238,5,2014-10-04,1400,2021-04-04,8,3,24
NI423ID,106,154,2,2012-03-16,1200,2017-01-05,11,5,820
PI939VI,87,200,4,2000-10-13,1800,2023-03-06,2,2,943
RE901XC,180,154,2,2003-06-18,1400,2022-04-11,8,4,609
ET947VR,91,168,5,2009-01-01,1600,2017-04-03,10,1,738
XO947XG,205,241,7,2017-02-05,2000,2018-08-12,12,3,672
DV771MX,177,236,2,2014-01-31,1400,2021-05-27,8,5,470
OI554SX,233,209,5,2015-09-27,1600,2024-06-19,19,3,354
FU505PX,136,182,7,2022-07-16,1400,2023-07-27,2,2,1111
DA469NY,180,221,2,2017-11-26,1600,2020-05-25,2,5,115
JV268VD,208,162,5,2009-06-30,2000,2014-08-20,7,5,554
TI909GA,204,213,4,2013-07-30,2000,2019-06-06,13,2,14
OA743XJ,117,221,5,2017-07-23,1800,2024-10-04,15,3,910
JO721VU,122,157,7,2006-03-19,1600,2017-06-13,13,2,782
HM930MV,276,238,7,2005-07-24,2000,2019-02-19,18,3,507
ME877IY,209,183,4,2019-01-07,1600,2020-02-20,1,2,60
PU720IR,218,173,2,2023-08-28,1600,2023-10-20,18,2,733
ME071JF,262,173,5,2019-04-04,2000,2022-12-10,11,2,654
VG453GC,104,197,2,2001-06-13,1200,2007-08-20,16,5,806
NJ521HX,192,247,4,2006-09-22,1200,2020-06-06,11,4,1230
PM343TL,181,201,2,2009-10-29,1800,2012-04-19,7,4,746
NM471NI,272,211,7,2001-02-10,1800,2020-07-20,2,4,998
JV587OD,71,215,5,2017-11-21,1600,2021-07-23,15,4,732
NY786NN,269,178,2,2007-10-01,2000,2024-09-27,19,3,1217
ZN566WM,281,170,4,2014-12-21,2000,2019-05-11,10,1,871
BQ418MP,121,166,2,2018-07-12,2000,2023-05-31,14,1,394
BP429IM,84,232,7,2013-03-26,1600,2021-03-06,3,4,106
XE024GN,214,183,4,2006-12-24,1800,2021-05-09,19,2,616
CQ566OI,278,153,5,2010-01-26,1800,2013-03-01,11,3,472
FQ485PB,119,202,4,2016-03-09,1600,2019-07-14,2,5,742
ZS049MJ,168,213,7,2001-10-10,1200,2007-04-07,9,5,66
UH143PE,244,201,2,2006-07-15,2000,2008-05-13,19,5,446
RX290JI,239,236,5,2007-08-31,1200,2024-05-13,7,1,1109
ZB063SD,167,169,5,2006-09-19,1200,2015-09-10,19,4,146
CK493HJ,97,199,2,2015-10-19,2000,2021-05-20,17,5,943
NN717SX,182,250,7,2016-12-03,1800,2024-03-14,8,5,804
HC898XE,133,165,5,2004-06-04,1400,2023-06-12,19,5,587
SK604VY,292,226,7,2008-09-30,1400,2016-10-20,1,2,558
QY303MC,276,154,2,2019-12-02,1400,2023-10-27,12,2,345
LG083TL,146,187,2,2019-07-29,1400,2022-11-04,5,5,696
BJ899JN,150,158,2,2009-01-29,1800,2023-12-21,6,5,920
ZO614SP,130,212,2,2006-09-04,1600,2011-06-03,12,5,836
HU493ND,274,204,7,2003-04-08,1400,2015-01-31,1,2,878
XG140EO,101,177,7,2013-04-14,1400,2018-06-19,5,2,31
BP028MN,109,200,7,2021-11-29,1800,2021-12-29,9,4,116
BO223VP,185,249,2,2008-11-30,1200,2010-05-12,15,3,122
IV014WY,181,207,5,2022-07-09,1400,2024-06-25,13,3,64
HD815OL,115,216,7,2000-03-26,1600,2014-05-03,11,2,330
BY223HC,111,202,4,2014-11-06,1200,2017-07-04,11,2,122
MH327AJ,191,207,5,2014-02-06,1800,2014-11-26,8,2,781
UB757VG,111,178,2,2003-03-01,1200,2015-03-14,11,5,584
XC525UQ,159,163,2,2008-08-03,1800,2019-03-10,8,1,767
JM658DN,141,181,5,2012-08-21,1200,2024-06-07,8,1,1183
EQ730KV,203,156,7,2003-07-27,1800,2007-01-16,15,1,643
IR424SP,186,151,5,2005-10-16,1200,2014-06-19,4,4,608
EC987AA,214,215,5,2023-12-05,1200,2024-03-27,19,3,662
TQ439OC,102,245,7,2002-10-21,2000,2003-06-15,7,4,701
JC899OH,203,178,2,2005-04-01,2000,2020-04-21,13,4,1002
RU375UY,297,202,5,2000-07-25,1800,2023-11-04,9,3,543
BG926PG,114,165,5,2012-04-18,1800,2018-05-14,8,4,639
KR868LW,289,232,7,2010-08-02,1800,2024-11-06,7,5,675
EV825XG,96,175,2,2017-05-30,1200,2018-07-25,6,5,520
RZ998XJ,136,186,2,2006-08-29,1600,2007-09-06,1,5,1200
SK606CN,115,206,4,2019-04-09,1200,2019-09-22,15,1,793
CD313RF,76,193,2,2015-10-27,2000,2022-05-09,18,2,390
RS377XC,144,181,5,2022-06-29,1200,2022-11-20,14,3,680
QO729GJ,226,244,7,2019-06-26,1600,2024-01-27,10,4,635
CA756EF,137,240,7,2012-09-08,1800,2023-01-08,20,2,537
NQ327PN,254,170,7,2016-04-16,1600,2017-11-29,17,3,418
TH004XQ,152,178,2,2001-11-04,1800,2017-10-02,7,4,212
AF956CU,179,241,7,2008-02-15,1600,2008-03-06,4,3,224
FD082WX,148,203,4,2011-12-18,1800,2023-01-31,4,4,217
CU361ZN,248,245,2,2004-11-24,1600,2009-02-14,9,2,533
IP170FT,125,218,7,2021-09-10,1200,2024-08-12,10,1,988
HH766EL,242,217,5,2011-06-24,1400,2022-07-06,14,2,573
MJ310AE,158,185,4,2021-03-13,1400,2021-04-18,16,4,793
KO256PD,173,207,7,2007-04-25,1400,2012-05-25,8,2,718
RG780IE,299,234,7,2023-04-14,1200,2024-12-21,16,2,309
XA658WG,89,197,2,2005-12-27,1200,2014-12-04,7,2,488
LD493TT,287,150,5,2016-01-25,1400,2018-02-23,14,4,938
JB103WZ,257,237,4,2011-01-02,2000,2021-05-01,20,2,97
XW588DT,177,197,4,2002-11-11,2000,2010-07-23,18,5,1054
ED042NJ,116,185,7,2018-05-04,2000,2018-07-25,1,1,657
TN587PT,91,226,4,2010-10-27,2000,2019-07-21,2,4,719
SS837XS,264,211,7,2017-12-21,1200,2020-02-01,7,4,1063
PL101XQ,293,182,5,2016-04-07,1800,2022-07-28,7,4,495
LU869ET,161,246,5,2018-11-20,2000,2024-02-05,17,2,1241
EW166CI,94,249,4,2008-10-05,1600,2017-07-31,16,5,873
XY889EB,78,230,4,2015-05-29,1800,2019-06-24,11,2,30
OR096FW,183,205,7,2012-01-28,1600,2021-11-03,12,2,490
QY297VR,155,249,7,2023-07-27,1800,2024-08-11,11,4,613
XL223HL,129,206,7,2006-07-19,2000,2017-10-08,4,2,436
PS124JP,128,218,5,2005-05-11,2000,2008-03-08,15,4,159
SM889SA,224,192,7,2005-06-07,1600,2006-12-03,10,5,1094
HZ247IZ,138,200,5,2007-07-07,1800,2015-08-03,17,5,1117
SY641YZ,95,240,4,2008-04-17,1400,2017-09-27,5,1,617
UJ872WM,233,183,2,2022-03-22,1800,2023-07-22,12,4,764
OA226EX,297,156,5,2009-04-21,1200,2021-01-05,9,3,730
KW456WZ,218,243,5,2018-09-17,1600,2024-04-17,4,2,538
GZ197SZ,200,170,4,2015-07-03,1600,2016-11-20,16,1,1056
AP700KA,112,237,4,2001-04-29,1800,2023-01-14,13,3,1127
YI701CY,283,235,4,2019-07-07,2000,2022-10-24,20,2,133
ET324MQ,133,214,7,2012-12-25,1600,2023-10-08,12,5,74
EH031TG,257,162,2,2009-06-01,1400,2016-04-27,13,1,853
RT685EQ,146,197,4,2018-11-28,1200,2023-08-22,5,2,1023
MN780IZ,284,250,4,2021-01-16,1800,2022-08-08,5,1,143
WZ083LN,140,176,7,2017-01-14,1200,2018-08-22,4,5,934
HP680UN,214,174,4,2021-11-04,1400,2023-04-11,19,1,888
TU790ZX,208,160,7,2007-04-14,1600,2018-10-14,1,4,442
AS632AL,76,232,7,2002-11-09,1800,2020-07-12,6,1,517
WK481YZ,103,166,4,2000-10-25,2000,2011-03-29,18,2,552
CY095HJ,265,156,2,2020-09-23,2000,2023-02-07,12,3,972
YR771AZ,99,180,2,2020-02-23,1400,2022-04-24,7,2,717
QO457AW,85,227,7,2019-04-17,1600,2023-10-20,8,5,594
QG644CG,297,160,5,2002-12-29,1800,2004-05-24,10,1,666
UD175TR,159,202,4,2019-05-01,1600,2022-08-31,4,4,253
PG442EG,213,161,7,2019-08-27,1800,2021-12-21,11,3,967
MS980AT,257,234,4,2009-06-02,1600,2020-08-27,18,5,956
DL583DV,180,175,4,2000-03-13,1200,2012-07-02,4,1,1170
ID199BV,284,187,5,2009-01-26,2000,2022-09-05,15,5,1177
XS322WK,280,247,7,2011-05-02,2000,2021-04-13,7,1,327
JU823ZC,206,245,2,2009-08-16,1600,2020-01-13,18,2,804
OM890YN,294,188,5,2011-12-21,1600,2013-08-20,17,3,812
ME148KO,269,216,2,2015-04-14,1800,2021-06-25,4,1,720
TG895FS,133,246,2,2013-03-03,2000,2023-03-19,15,5,36
VZ079MV,86,169,5,2011-12-31,1800,2024-03-01,7,5,367
QI268EM,139,231,5,2021-02-10,1400,2024-08-22,10,1,10
AC152LY,160,183,7,2003-03-16,1200,2010-04-13,20,5,483
ZB986MU,213,167,2,2004-07-11,1800,2012-02-20,1,2,624
SL912JT,213,214,7,2001-07-12,1400,2011-11-04,17,5,62
TW108TH,134,161,2,2009-04-04,1400,2017-06-05,8,2,901
UP176DJ,289,219,5,2012-12-21,2000,2018-07-25,14,1,951
RM866HB,138,217,2,2018-06-21,1400,2020-02-08,5,2,252
AK602EV,287,190,4,2013-11-05,1400,2021-03-11,6,5,364
KP988YP,99,241,2,2006-06-15,1400,2007-11-20,8,3,514
WN045CR,169,154,2,2001-06-27,1200,2006-06-03,6,1,739
ID387UI,255,170,7,2000-03-08,1800,2009-04-14,8,1,755
SD280PX,160,244,5,2010-09-30,1400,2015-09-25,14,5,1102
HB000AO,203,201,7,2012-06-23,1400,2024-09-24,10,2,331
PM756OB,224,215,5,2018-10-25,1200,2022-09-28,16,2,1170
RP943XG,204,229,7,2013-12-29,1200,2020-10-26,1,1,374
YW431EC,188,224,5,2006-05-04,1400,2022-01-11,7,5,796
VK094MY,264,150,2,2009-08-09,1400,2024-12-26,4,3,520
OZ237YQ,168,162,5,2003-07-28,2000,2022-02-02,9,5,363
DO943XO,298,203,2,2007-03-23,2000,2007-06-28,12,4,242
KW621FH,245,192,2,2015-11-28,1400,2019-02-11,7,3,1229
BC559TC,156,190,5,2010-11-01,2000,2011-12-13,19,4,897
GF625YH,287,249,2,2016-03-19,1200,2023-08-17,5,3,1137
ZK748OK,113,166,4,2006-06-19,1400,2017-05-03,3,2,946
XE310OU,72,169,7,2016-02-01,1800,2019-12-14,11,5,550
LC528HL,246,160,2,2004-06-10,1600,2013-11-11,8,1,657
PJ531ZP,274,161,4,2016-09-08,1200,2022-02-18,19,2,630
WS382NX,202,205,4,2002-03-21,2000,2016-06-07,10,5,869
UX795AK,80,250,4,2001-01-08,1400,2006-06-18,14,1,171
LH033EJ,283,170,4,2018-04-27,1800,2022-07-04,13,1,348
TM152DF,83,231,2,2003-01-14,1400,2016-10-25,9,1,54
NF310UM,114,170,5,2011-03-17,1200,2017-12-17,5,2,178
EO229KO,131,155,5,2020-08-08,1600,2020-12-14,3,3,199
KL160ZG,243,215,7,2011-07-27,2000,2020-10-16,14,3,589
ZB392OD,199,193,7,2023-05-05,1200,2024-03-01,8,2,860
BP788GS,279,176,7,2012-07-01,2000,2020-02-16,9,3,442
GH064PT,96,190,2,2007-01-08,1400,2012-07-08,20,1,823
VN530AP,166,196,7,2022-04-18,1800,2024-01-14,4,2,373
CE178PN,147,247,5,2020-06-26,1400,2023-08-10,12,1,925
MW447OE,111,181,7,2009-10-20,1600,2012-05-02,20,2,263
MO321VS,248,165,5,2008-08-14,1600,2022-10-23,1,4,831
CY635UR,151,225,4,2018-03-04,1600,2020-01-12,10,5,114
UU244VE,141,248,5,2017-04-12,2000,2023-09-23,6,3,1242
SP672SU,83,196,7,2000-06-07,1800,2020-07-19,5,3,604
NA985EZ,289,179,2,2005-12-24,1400,2015-10-07,10,2,995
JT233UK,143,176,4,2005-02-12,1800,2020-04-24,1,2,115
KA389VR,256,188,5,2007-12-01,1200,2021-05-07,14,2,347
GV124EX,266,198,5,2020-11-21,1400,2023-08-01,12,2,584
KI270AR,273,203,4,2007-08-14,2000,2014-09-06,17,2,503
OH343SB,102,175,2,2015-12-16,1400,2017-02-20,6,5,95
NF990TV,180,189,7,2002-04-30,1400,2002-10-11,2,3,1231
QQ505IM,180,183,7,2020-04-21,1800,2020-12-04,3,1,183
TW764XE,155,173,4,2022-12-07,1400,2024-05-05,7,4,614
DB513MY,160,174,2,2005-03-15,2000,2013-03-30,10,4,652
BM694LO,78,200,7,2022-01-31,1400,2023-08-01,15,4,1085
JT486ER,76,219,4,2023-02-07,1400,2024-12-29,20,1,1160
VV255TG,294,182,4,2000-12-05,2000,2023-12-23,6,5,530
CK991JQ,221,194,5,2016-05-06,1600,2016-05-30,16,3,934
XZ463UX,233,154,4,2014-12-15,1200,2020-04-21,17,2,776
GT438WM,179,230,7,2014-02-10,2000,2020-06-11,5,2,131
QZ584HY,283,164,4,2000-07-24,1600,2012-04-27,5,3,95
YV554MB,125,225,7,2013-09-01,2000,2014-03-17,20,2,382
OS031FG,103,169,5,2016-01-31,2000,2016-05-05,9,3,888
FZ730FA,240,193,5,2011-02-20,1800,2022-10-25,7,3,885
JF898WG,218,200,4,2007-11-22,1200,2018-05-21,9,2,196
DE560DT,287,227,7,2018-04-30,1200,2019-11-01,18,3,725
VL093XY,190,249,4,2012-01-25,1400,2019-03-09,10,3,664
CZ972NR,174,179,2,2023-01-21,1400,2024-10-19,19,4,191
QF243SK,280,196,4,2000-06-25,1200,2014-01-31,11,2,254
GZ020OS,121,197,7,2014-02-08,1800,2019-02-05,6,3,1248
JE536LP,183,177,7,2020-10-04,1400,2022-12-29,18,5,552
GJ131PG,74,196,7,2021-03-03,1800,2024-08-28,8,5,1222
IO857QE,161,163,5,2020-02-08,2000,2024-12-15,19,2,991
KY686TZ,164,237,7,2012-07-09,1600,2021-09-30,16,4,1187
RD882KY,129,215,7,2004-03-17,2000,2016-10-30,11,2,419
QC360CR,238,156,5,2015-06-30,1400,2018-05-28,6,1,1103
JP077KQ,169,224,2,2018-03-08,2000,2023-05-16,20,1,864
EU437UF,82,247,2,2009-09-20,1400,2011-05-21,3,1,82
ZS285RY,154,244,4,2013-04-08,1600,2015-11-27,4,1,387
AY691CY,268,171,7,2003-10-30,1800,2021-01-02,12,2,289
EJ227BK,141,227,7,2013-12-25,1800,2023-10-04,8,5,1145
GX367GA,151,221,4,2007-06-05,1200,2014-04-18,20,3,834
HH648QE,111,194,2,2020-06-27,1200,2024-03-14,8,1,246
QF626HI,107,172,2,2020-01-31,1800,2023-11-16,13,3,114
QR775OU,135,151,4,2006-01-26,1200,2015-04-12,17,3,432
FD396LN,199,214,2,2001-05-15,1800,2017-03-08,11,3,352
UG525RZ,300,167,4,2022-05-16,1400,2024-09-09,20,5,312
KV667JV,280,236,7,2012-12-19,1800,2017-01-10,10,4,116
XQ360VO,118,208,7,2014-11-03,1200,2018-01-18,7,3,931
HE602YD,209,188,4,2015-08-02,1800,2021-09-12,11,5,349
HI893QV,183,232,4,2009-08-15,1400,2021-02-09,16,1,1238
QL013ZU,162,155,7,2004-09-03,2000,2005-09-25,2,3,666
EO105LY,269,164,5,2023-09-06,1800,2024-08-22,16,3,949
YU620YX,157,170,2,2002-07-07,1400,2022-11-11,13,1,1084
OK136CV,142,218,7,2017-08-13,2000,2022-06-08,15,2,1118
LK429LT,220,228,2,2008-11-27,1400,2015-06-26,4,2,434
GU827DL,78,170,5,2021-09-08,2000,2022-12-04,17,3,175
DC681SD,237,209,4,2021-09-09,1200,2024-01-17,6,1,1185
QK292FD,204,213,2,2018-12-01,1400,2024-11-30,6,3,659
TM672FO,143,206,2,2006-02-27,2000,2014-02-02,11,1,38
CZ550AS,261,169,4,2002-10-02,1600,2018-07-02,17,4,573
XJ363JF,96,215,4,2018-05-12,1600,2020-08-31,13,1,796
ZK802UB,275,249,7,2013-08-06,1800,2024-06-06,2,5,809
HI532FO,177,154,4,2001-04-28,1400,2010-10-17,2,5,1189
XE050XC,177,210,4,2023-01-04,1600,2023-01-20,15,5,1186
GN318FC,157,183,5,2015-02-16,1600,2021-09-25,14,4,624
IM847ZW,283,175,2,2004-07-30,2000,2010-10-25,1,2,261
JZ333AF,240,179,2,2003-07-01,1400,2022-06-25,15,1,1048
HV821OJ,102,183,4,2009-08-15,1600,2021-03-04,3,4,734
VT200RI,177,187,5,2011-09-11,1800,2019-04-22,5,1,645
YP875JF,76,155,2,2008-07-11,2000,2008-08-17,1,3,1035
IG889KM,238,170,5,2016-02-13,1800,2018-12-22,6,5,150
KO917FN,77,224,7,2001-03-24,1600,2010-03-08,4,2,402
KU442TG,99,226,4,2020-02-09,1200,2020-07-05,6,1,856
SC905UG,112,210,7,2010-09-05,1400,2016-12-07,9,2,679
KN913RD,277,213,4,2013-11-22,2000,2023-09-21,20,5,202
VU999IR,160,228,5,2019-12-30,1400,2020-07-25,9,1,1180
XJ639TA,119,201,2,2017-07-01,1400,2024-05-28,8,1,809
GU952KB,291,193,4,2013-04-08,1200,2020-08-24,15,5,133
GR564RI,202,170,7,2007-03-08,2000,2016-10-24,3,4,775
WN737HY,186,165,5,2019-07-29,1600,2024-12-20,19,3,206
QQ278XW,236,238,5,2017-07-31,1800,2022-02-26,15,2,698
EC796IX,246,166,5,2021-09-06,2000,2022-03-07,5,5,847
WK991QE,102,249,5,2010-06-25,1600,2024-05-03,11,2,348
SS951WE,191,181,5,2010-12-26,1200,2020-11-05,5,5,354
DL464EH,142,243,4,2004-02-26,1800,2013-08-24,3,3,368
TG141CS,89,169,2,2012-05-10,1400,2020-01-26,13,1,488
RZ401EW,103,196,5,2002-12-16,1200,2003-12-14,9,1,1214
IQ108DH,157,247,5,2022-03-07,1200,2023-09-21,7,3,207
TP340LG,182,244,7,2023-08-04,1800,2024-09-22,10,2,238
FR119KB,176,187,7,2000-05-02,2000,2021-06-08,4,2,1050
PH904OC,195,236,2,2006-11-19,1600,2011-03-19,1,2,520
VR625LB,137,180,7,2007-03-26,1200,2024-09-17,18,4,736
BS347HP,238,218,7,2017-06-11,1400,2021-03-14,14,5,394
XH862RN,166,209,5,2000-05-16,1400,2016-02-06,13,1,420
QS221DB,130,189,5,2003-09-10,1200,2015-10-23,16,1,173
XT063DR,201,239,4,2017-06-26,2000,2023-03-08,4,4,389
SV525IY,189,186,2,2018-02-03,1600,2018-04-26,10,4,202
CD812MQ,285,158,2,2000-09-27,1600,2023-12-08,16,3,304
TP368BL,211,205,5,2011-11-18,1400,2019-03-12,17,2,964
MI817QL,150,250,7,2019-04-26,2000,2023-09-13,20,1,1075
JP817XZ,189,182,5,2018-11-24,1400,2020-03-01,19,4,246
TV640ET,251,175,5,2016-05-09,2000,2018-06-22,10,4,1200
WU905UN,269,246,5,2004-02-27,1200,2020-07-23,12,5,1047
WJ744TT,272,172,4,2000-10-04,1600,2020-02-27,12,3,703
YO378OZ,95,168,5,2000-04-30,1600,2023-08-18,4,5,1004
JT329VI,203,230,4,2022-01-01,1200,2023-02-10,1,1,1196
SQ898OS,298,223,7,2005-10-09,1400,2006-03-27,18,4,605
WG683QF,265,170,7,2011-11-17,2000,2018-02-03,9,1,123
WC828HH,157,204,7,2005-06-12,1200,2013-10-13,7,1,1013
ZP506WM,73,248,2,2016-02-13,1600,2024-12-16,6,3,24
OE679FP,164,209,7,2013-09-15,1600,2020-09-22,3,5,862
IK835VH,131,208,2,2023-08-11,2000,2024-04-16,6,4,1066
ZR586LL,101,176,2,2005-10-31,1800,2011-08-14,11,3,391
FI110DR,117,219,4,2007-01-14,1600,2022-06-03,1,2,570
XP194ON,163,204,2,2006-07-02,1200,2011-10-23,19,5,620
KP371TA,208,242,2,2020-07-30,1800,2023-05-20,4,2,119
IL510KA,285,171,4,2007-11-29,2000,2018-01-15,5,3,290
VE017SQ,77,185,5,2006-09-26,1600,2011-04-15,2,3,483
XC044LG,201,215,7,2002-04-11,1200,2024-12-31,13,5,1040
GG790DC,80,214,5,2018-06-04,1400,2019-11-09,13,2,1013
IG895DZ,208,237,2,2022-10-01,1400,2023-04-25,5,1,895
SC181BL,140,163,4,2013-03-01,1800,2019-10-30,14,3,701
EA337CW,97,228,7,2013-10-18,1200,2018-09-18,14,1,664
SJ766YH,235,183,7,2005-10-25,1600,2019-03-07,6,4,727
AS088ZV,129,160,4,2017-02-22,1600,2017-05-20,11,1,295
AF290FE,259,158,5,2005-08-21,1400,2023-11-25,3,1,373
CT085FV,212,176,2,2020-01-10,1400,2022-10-22,5,3,20
DQ666CO,204,231,2,2002-09-26,1800,2019-06-06,3,5,883
WP158XI,261,228,4,2012-07-04,2000,2015-07-06,4,4,105
RZ241MZ,150,203,4,2004-06-22,1800,2004-12-25,20,5,790
NJ253JI,298,165,5,2002-07-12,1600,2021-05-12,1,4,308
HM799KC,274,191,7,2008-12-30,1600,2023-07-09,13,1,517
HR436RE,169,201,4,2010-05-20,1800,2011-02-03,13,1,864
EE292ZD,90,205,2,2000-06-18,1800,2008-02-04,16,4,721
PB805RG,284,221,5,2020-11-04,1400,2021-12-04,11,2,337
AB728NU,81,197,4,2007-05-24,2000,2015-12-02,2,3,90
OV375YX,116,206,5,2008-12-10,1400,2018-10-30,19,2,337
DI577ZV,277,151,5,2021-06-11,2000,2023-06-16,2,1,77
CV474JN,200,165,5,2014-06-25,1600,2024-10-25,16,2,318
NC869LC,144,197,5,2005-01-06,2000,2013-05-14,11,3,10
YA352AO,210,154,2,2013-03-19,1400,2017-03-21,17,4,1141
UU660NV,96,218,7,2011-12-10,1400,2012-07-25,2,5,1177
XU199JF,154,156,5,2012-03-21,1200,2021-12-08,13,2,941
PW491DL,284,220,4,2023-02-04,1800,2024-02-22,19,5,232
DV253NT,130,194,7,2023-05-25,1400,2024-09-26,14,4,1156
EC354DY,180,226,4,2017-09-10,1600,2023-05-23,10,4,543
WX411IG,284,216,2,2013-05-06,1200,2022-06-16,14,5,45
BV437YS,147,209,2,2019-11-13,1200,2024-09-25,12,3,1099
WX484KQ,193,212,5,2013-07-22,1800,2019-10-28,12,1,1174
ZS868PJ,111,171,2,2023-10-08,2000,2024-09-06,3,1,394
YI803RU,79,205,4,2015-05-22,1400,2018-06-18,13,4,986
KO790TS,130,163,7,2011-11-22,1800,2017-05-19,8,1,142
PM547EC,298,207,5,2017-11-24,1800,2023-04-22,14,1,1233
CA783EZ,159,179,2,2006-03-13,2000,2009-07-04,2,2,564
ZK147XO,220,250,7,2016-09-25,2000,2021-09-23,15,5,333
RL197LD,151,187,2,2007-04-24,1600,2014-12-26,8,3,121
GN814DT,189,194,4,2009-10-02,1400,2012-01-17,9,2,891
PB335LC,200,221,4,2010-09-03,1200,2014-11-22,19,3,481
AA357UQ,115,204,5,2016-04-26,1600,2020-03-12,19,5,310
OR464KP,152,203,5,2013-04-11,1400,2015-04-11,4,3,309
PN468QZ,241,190,2,2002-07-29,1200,2020-03-29,1,4,664
DL221OH,87,240,7,2007-03-24,1600,2007-12-30,9,5,745
ON537LP,179,205,7,2019-12-03,1600,2024-03-29,5,4,448
HZ563EZ,211,237,4,2009-04-04,1800,2011-04-23,12,1,890
CY202FO,208,200,2,2001-09-19,2000,2007-07-28,4,5,923
ZL865OD,171,224,4,2022-08-12,1200,2023-03-30,10,1,260
CA279FM,282,239,4,2001-03-15,1800,2022-02-26,8,2,220
VQ976ZZ,203,235,7,2004-09-07,2000,2018-06-24,15,4,287
LP758EN,125,219,5,2008-10-08,2000,2011-09-26,4,2,546
YK178UP,149,229,2,2001-10-25,1400,2013-07-31,4,3,337
HJ136TI,181,248,2,2003-09-20,2000,2006-06-27,10,5,767
QV870FT,218,207,4,2016-01-03,1600,2020-01-28,12,2,661
MO549JQ,299,247,4,2007-02-05,2000,2022-12-09,17,4,761
JU295YS,253,224,4,2007-08-26,2000,2020-01-27,10,2,332
EQ498KA,126,236,7,2017-09-26,1800,2024-05-23,10,3,928
HV068NY,243,165,4,2016-09-08,2000,2021-07-12,11,4,718
KF405GA,153,188,4,2015-01-12,1400,2019-07-27,12,1,111
VD968TL,217,225,7,2008-08-15,1600,2009-10-03,14,2,553
LS908HY,181,199,5,2018-08-04,1600,2019-01-29,2,4,192
EL374AD,199,221,7,2002-02-03,1800,2013-10-17,17,1,8
BV802NF,78,162,4,2018-01-07,1400,2024-10-30,1,3,945
AM816SV,114,209,7,2012-05-12,1800,2024-05-06,6,3,684
RU036TB,82,240,2,2021-11-19,1200,2024-10-27,14,2,609
EA760XP,277,209,4,2021-04-15,1600,2022-02-26,14,1,676
LJ457KM,237,184,2,2002-10-27,2000,2014-03-15,4,4,650
XZ770IE,122,200,4,2019-02-04,1800,2020-01-27,9,5,965
BT939RO,192,215,4,2011-12-05,1200,2018-06-01,4,4,229
RJ009JY,242,162,7,2010-07-06,1800,2010-09-30,17,3,19
NQ653QM,288,190,7,2016-12-19,1800,2024-09-13,10,4,490
PD221IY,113,214,4,2023-06-28,1600,2024-06-06,10,1,409
TU144JW,189,184,4,2014-08-17,2000,2017-04-04,5,3,375
KG506UV,168,240,4,2013-12-16,1200,2022-07-19,11,4,300
XZ314FT,233,183,7,2016-05-30,1200,2024-12-18,19,5,805
MM227MX,158,151,4,2019-12-12,1400,2022-04-17,13,4,1195
TH306RT,133,150,4,2016-05-19,1400,2017-01-11,12,4,123
AL767VZ,243,194,2,2005-09-06,1800,2021-01-08,5,1,471
AL785TG,145,187,7,2013-03-14,2000,2015-04-12,4,3,366
NC280ZC,178,229,4,2020-09-30,1600,2023-08-17,5,1,1214
BA471HO,241,178,5,2016-03-20,1200,2023-07-22,5,3,1150
UA931PP,242,238,7,2003-07-14,1800,2014-06-12,17,1,33
HI786LG,77,248,4,2006-12-23,1400,2016-08-15,5,4,245
CY600UP,174,163,7,2003-12-20,1600,2014-03-26,20,3,816
JR726VS,277,207,7,2013-11-10,1400,2018-07-13,14,5,725
AU800FR,286,222,4,2016-09-16,1400,2022-06-22,19,2,1181
KX599ZO,90,215,7,2002-01-11,1800,2020-06-27,7,2,875
YH283KJ,257,204,5,2016-11-01,1800,2018-04-08,14,2,919
OK667FH,253,170,7,2002-12-27,2000,2003-07-13,10,3,77
RE095ZD,120,179,5,2022-09-14,1400,2022-10-13,12,5,99
JR197LK,83,187,7,2011-07-29,1400,2015-09-01,20,5,76
BK392BL,271,219,7,2003-11-28,1400,2014-02-21,5,5,1005
ML379HZ,142,226,7,2012-07-07,2000,2022-12-25,20,5,1236
KQ800QI,255,233,7,2005-11-13,2000,2012-03-20,4,5,508
AJ774SY,155,162,2,2017-05-05,1600,2017-05-16,16,4,798
YF338AP,125,221,7,2007-07-28,1600,2012-11-11,5,5,679
EU424AD,185,186,7,2000-06-11,1800,2021-05-15,3,1,224
OF531KY,156,236,4,2010-01-17,1800,2023-10-20,11,1,895
MY871WU,72,222,2,2011-07-30,2000,2013-10-17,13,5,420
VL392JK,94,164,2,2017-09-24,2000,2022-08-16,19,4,250
MV206FT,218,203,2,2002-01-19,2000,2004-06-05,5,4,243
TT181EU,144,235,2,2010-04-08,1800,2014-05-21,14,5,122
LQ153CC,112,205,4,2005-06-18,1400,2021-07-25,9,1,818
CX754WJ,220,212,4,2008-05-03,1400,2017-11-10,20,1,1116
ZF370LN,155,155,4,2020-07-31,1400,2022-05-22,12,3,1042
KB734CX,126,156,7,2016-06-16,1800,2017-12-06,7,1,719
DZ406RB,136,180,5,2018-04-17,1800,2021-01-15,10,1,885
GD288DB,120,226,5,2010-03-02,1600,2014-05-14,3,4,618
LZ284AC,263,210,7,2023-01-20,1400,2024-04-19,2,5,16
TR798KR,177,222,2,2000-11-24,1800,2012-03-28,4,5,859
VM028RI,215,175,5,2014-04-19,1600,2023-08-17,7,5,648
SO186CF,134,212,4,2023-06-02,1200,2024-03-07,1,2,493
JB393QH,289,207,5,2020-05-25,1400,2021-04-29,6,3,143
AE034YZ,73,215,4,2008-03-16,1200,2024-09-29,5,2,6
UQ039YK,145,200,2,2014-10-31,1400,2020-03-21,4,3,780
VO542EO,119,226,2,2006-02-14,2000,2023-03-27,1,1,862
UA250CH,194,211,4,2014-09-01,2000,2023-09-14,11,1,954
BL359TR,72,169,4,2019-05-19,1200,2022-08-10,10,1,20
QF799UL,171,216,5,2017-03-21,1600,2019-04-19,19,3,13
KU979RO,169,197,2,2004-10-23,1800,2023-10-03,17,1,58
RU741KE,258,224,7,2007-02-14,2000,2013-04-18,12,1,997
NU473LB,263,229,2,2021-02-24,2000,2023-10-07,11,5,285
YT356KN,75,183,7,2003-06-01,2000,2009-07-05,9,1,89
DG042VQ,227,242,7,2014-10-01,1800,2020-12-12,15,1,202
GL352CO,174,198,4,2006-12-27,1800,2010-04-13,15,3,201
WQ566BF,274,196,5,2000-08-08,1600,2021-12-18,1,5,965
RG352TH,200,203,5,2004-09-24,2000,2022-09-14,19,4,813
HT772XL,207,187,7,2019-01-01,1600,2019-01-14,16,5,379
CI503UR,170,250,5,2005-01-03,1800,2015-05-02,5,4,461
XM873CQ,117,220,4,2010-07-25,1400,2010-09-07,7,5,1241
UF360MJ,191,197,5,2007-10-08,2000,2013-02-17,5,5,869
ES414AY,72,238,5,2004-12-07,1800,2011-06-25,6,2,1145
XZ241RI,75,216,7,2004-08-02,1400,2013-02-01,16,2,10
IJ466CP,193,202,4,2020-01-15,1800,2023-09-08,1,2,844
HY842BU,261,227,5,2007-08-18,1400,2014-02-19,12,5,118
IV145EA,93,247,4,2004-12-14,1400,2022-10-27,11,2,717
ZP163FJ,107,214,2,2022-04-13,1400,2023-07-04,5,5,193
LT274LM,127,153,5,2002-08-22,1400,2003-08-10,1,2,684
LW855UW,285,178,7,2003-05-07,1800,2011-09-24,9,2,1220
KW178QA,154,181,2,2013-03-21,1800,2019-11-09,6,1,119
QN904KQ,192,187,7,2008-09-11,2000,2011-11-09,6,5,665
ZQ556AE,77,162,7,2007-01-27,1200,2010-11-28,19,2,220
OR864VH,152,207,4,2005-10-03,1200,2013-08-08,14,3,775
VL373LP,265,225,5,2010-10-11,1800,2011-09-24,15,4,78
GM985KR,185,170,5,2008-08-17,1800,2015-11-16,18,3,563
WB064SH,174,179,2,2012-08-24,1400,2023-10-01,8,4,1011
KG967TJ,136,247,5,2014-10-19,1200,2018-10-14,10,3,844
FF146CX,190,233,5,2004-09-11,2000,2004-09-29,2,4,1196
HJ400UM,173,242,4,2009-07-06,1600,2022-10-04,5,1,1126
ZM679XT,74,222,5,2010-08-13,1800,2018-06-01,13,5,1245
UF482JB,170,153,2,2008-05-27,1400,2017-11-04,10,1,799
RX475JA,73,175,5,2012-12-23,1200,2014-07-04,19,5,323
FG713RA,152,217,4,2002-11-05,1600,2008-09-06,7,1,1168
VD303RL,252,186,7,2004-12-15,1400,2022-10-23,5,2,715
VK371QA,300,217,7,2023-12-18,1200,2024-06-02,20,2,251
NQ052AI,257,212,7,2010-08-17,1400,2012-01-09,16,3,677
JG246EZ,282,174,7,2022-03-04,2000,2022-11-26,16,1,794
WJ389BY,266,196,7,2009-11-03,1200,2014-12-17,12,1,156
UG337NI,235,208,4,2005-02-01,1800,2005-08-16,14,3,960
PF798OE,197,180,5,2019-08-18,1800,2019-11-11,14,1,388
TX103ZW,106,174,5,2014-10-17,1800,2024-06-03,12,3,359
RP420VP,189,213,7,2014-03-11,1800,2022-11-12,19,1,979
AJ421LI,283,167,4,2016-12-31,1400,2022-08-19,16,3,319
DH728AZ,100,175,7,2001-12-30,1400,2009-10-25,13,3,241
LN957KQ,175,210,7,2012-12-17,1400,2021-04-08,5,1,562
MM209JJ,159,189,7,2012-07-07,2000,2016-10-22,16,2,13
EK532JV,217,165,7,2008-03-14,1800,2016-06-15,2,5,323
KB672PM,193,249,5,2018-07-05,1200,2023-05-27,11,4,671
IL387BU,143,171,4,2023-09-18,1200,2024-08-16,8,1,958
GI083WF,193,205,7,2021-02-15,1400,2024-08-23,13,5,1211
TH307ZQ,73,151,5,2014-08-14,1800,2015-01-25,17,4,712
NN345QV,73,159,4,2020-04-06,2000,2022-05-14,5,3,1226
SA512HJ,198,175,7,2006-03-28,1400,2008-11-23,16,5,1018
BB783LR,127,226,4,2003-04-06,2000,2019-04-30,15,4,632
HY358BQ,287,250,4,2016-05-02,2000,2024-02-01,7,1,681
ZN764ZE,111,174,7,2002-07-06,1400,2024-01-01,4,5,325
JE146MI,159,224,5,2004-09-19,1200,2011-08-24,19,2,891
FA215VR,263,197,7,2017-07-17,1200,2020-08-16,8,5,399
DN674KN,250,185,4,2017-06-09,1600,2021-03-26,5,3,1043
AT049ZG,118,242,4,2008-09-29,1800,2011-01-06,8,3,447
RJ775JA,128,180,4,2020-11-10,1800,2021-05-15,15,3,454
WG293LM,86,163,7,2020-07-31,2000,2022-06-30,7,4,783
CZ971RN,196,164,7,2015-10-04,1200,2016-11-22,3,3,283
KL345KW,295,227,5,2023-04-21,1200,2023-07-26,20,1,763
AZ608RL,253,190,7,2022-07-12,1800,2022-11-16,12,1,804
NW907FR,261,162,4,2021-04-30,2000,2022-01-22,10,2,36
ZK044HI,169,219,4,2011-04-16,1600,2017-04-12,1,5,1244
LU679PO,130,184,2,2003-03-12,1400,2016-06-30,18,4,45
LR378TR,112,172,7,2012-01-06,1800,2019-10-11,1,2,587
LC846ZE,234,236,4,2001-01-30,1600,2015-11-17,19,3,288
VM641WF,107,217,7,2012-05-20,2000,2014-05-10,2,3,298
EL147QJ,90,237,7,2016-09-27,1200,2023-11-15,11,2,1052
GP140DV,191,201,2,2010-06-11,1600,2016-11-15,8,2,503
CQ387XG,201,156,7,2011-06-23,1200,2017-04-02,11,4,939
BQ561PD,211,216,7,2003-08-03,1200,2008-12-23,14,5,608
AN559WP,259,174,7,2016-02-09,1200,2017-02-22,1,3,1109
QH254RO,242,214,7,2000-09-11,1600,2014-05-13,10,1,253
LO839TH,158,221,7,2000-12-31,1800,2017-10-29,2,3,969
EH323FA,87,194,4,2003-03-07,1200,2007-02-11,11,2,562
EU273UI,196,192,5,2020-01-14,1200,2021-11-02,8,4,687
RI202WF,291,152,2,2008-09-10,2000,2012-08-14,19,2,366
UE586CW,215,238,2,2008-09-06,1400,2014-07-27,15,3,1033
ZG944CH,112,241,4,2018-02-19,1800,2023-12-08,19,5,1038
AX695OB,246,167,7,2023-08-03,1400,2024-04-22,12,1,175
KL971GB,217,153,7,2020-03-09,1800,2022-10-19,5,3,830
XO042IM,76,236,2,2011-10-27,1400,2021-03-22,13,4,606
RP971TZ,79,157,2,2019-05-13,2000,2023-07-16,7,2,71
LC845SS,295,217,5,2023-04-04,2000,2024-01-04,18,3,188
CR508VP,290,171,5,2021-04-05,1400,2022-04-02,16,3,1051
EE478ZR,143,193,5,2008-08-23,2000,2013-08-04,2,3,263
LF372QE,107,239,7,2002-04-19,2000,2004-04-30,2,1,449
WC313XU,104,245,4,2012-08-12,1400,2016-02-19,16,5,1029
HT415ND,249,227,7,2019-02-22,2000,2021-07-17,10,1,942
HW300MC,122,153,5,2019-03-19,1600,2024-09-22,17,2,98
EJ500JD,159,207,5,2019-05-24,1800,2024-07-05,7,5,1139
UU855WT,221,165,7,2019-06-09,1200,2019-12-16,5,4,1126
YO891OY,192,224,2,2020-02-03,1600,2020-08-05,5,2,99
TB173LW,282,174,4,2008-09-28,1600,2021-08-13,10,4,828
LR821VT,141,224,5,2003-12-07,1400,2014-05-07,3,5,382
AZ435IL,260,164,4,2010-02-14,1200,2022-07-17,14,4,525
OH153NF,111,242,7,2019-01-22,1400,2022-11-01,14,4,920
SG997EH,130,167,4,2004-10-26,1600,2009-10-11,7,4,668
PZ263XF,206,196,7,2001-11-02,1400,2012-10-11,2,1,232
LT797ZD,277,195,5,2012-05-12,2000,2020-11-29,18,1,566
AT866KR,108,237,4,2004-11-05,1800,2020-06-16,9,5,1179
AJ920KS,229,238,5,2021-11-19,1400,2022-08-23,11,3,318
UD739ZM,96,184,5,2019-07-03,1200,2019-07-23,16,3,206
BH192DZ,179,198,5,2018-12-24,1800,2019-07-22,11,2,548
MX235RA,233,170,5,2013-01-31,1600,2015-12-08,4,5,774
YA785DH,185,235,5,2020-07-21,1800,2021-09-01,4,1,1066
LD268EW,225,226,2,2018-02-22,2000,2018-06-07,11,2,442
VX835MG,151,195,7,2002-03-03,1800,2005-04-28,14,4,804
SQ136EG,263,243,2,2013-09-26,1600,2019-12-03,4,3,691
QA509QF,208,171,4,2005-12-10,1800,2022-09-22,18,4,414
VU221WB,116,194,7,2003-10-16,1800,2022-04-27,7,1,894
LQ183LQ,289,210,4,2000-08-12,1600,2008-01-03,6,5,659
UO967TP,292,152,5,2013-05-31,2000,2018-04-17,1,5,124
NK419PR,168,181,4,2006-10-02,2000,2021-10-11,9,2,855
AZ972WI,214,196,7,2017-12-28,1200,2022-08-24,7,3,1062
PU387NN,173,160,7,2006-07-05,2000,2021-08-01,4,1,119
CK945ID,116,174,7,2016-06-03,1600,2021-10-08,6,3,1230
FB300SG,159,198,4,2012-10-26,1400,2021-03-23,19,3,413
NS333JQ,235,160,7,2015-06-18,1600,2015-09-14,12,1,559
FG948VV,103,152,2,2011-10-12,2000,2022-05-28,17,2,976
AV769KV,262,162,4,2014-11-04,1800,2018-10-28,12,1,540
CY810VJ,280,187,2,2008-10-08,1800,2015-08-11,4,3,761
YR727IX,175,186,5,2023-07-04,1600,2024-01-27,2,1,483
KS424JW,144,177,7,2012-10-13,1600,2024-01-02,11,5,743
BA161YN,286,197,7,2009-12-25,1600,2011-01-27,7,3,1087
RS904UI,71,219,7,2005-04-16,1800,2015-10-17,2,5,373
ZG235HJ,134,227,2,2014-10-22,1600,2021-03-03,10,2,40
MA080XY,193,235,5,2007-06-27,2000,2017-12-04,12,3,91
GA625TW,167,186,5,2007-01-08,1400,2011-04-13,1,5,787
FE988ET,206,199,7,2011-06-04,1600,2015-11-02,18,4,495
PZ496RD,127,159,7,2012-12-01,1400,2022-06-24,7,3,752
WA060UY,272,225,7,2010-06-15,1400,2022-02-21,9,1,234
UX842CI,284,220,4,2000-03-02,1400,2011-07-16,18,1,647
VD402CT,190,161,2,2016-10-08,2000,2023-10-19,17,5,304
MV062FU,82,246,4,2004-08-27,2000,2023-08-18,19,5,586
CG750GO,142,156,7,2006-04-17,1600,2020-12-16,4,1,715
KN289ZF,255,174,5,2003-06-03,1800,2024-03-03,8,1,186
MC456RF,116,196,5,2008-07-23,1400,2022-06-18,19,3,731
OZ175TZ,162,226,7,2021-02-08,1600,2024-04-14,15,4,207
NH536NW,75,177,2,2013-01-13,1800,2021-07-02,8,4,335
TB227IN,140,157,4,2008-03-07,1200,2015-01-11,18,3,1223
OS435IY,178,229,2,2003-11-09,1200,2006-10-16,16,2,668
YK317QV,140,166,2,2021-02-21,1400,2023-10-26,10,2,610
ET939TY,231,178,7,2015-07-07,1400,2015-12-28,1,1,279
FI477WC,293,220,5,2008-04-01,1800,2015-05-18,13,2,292
QC851HH,268,159,4,2004-03-23,2000,2010-12-31,8,5,820
IB116IC,114,185,2,2023-02-08,1800,2024-01-13,4,2,644
GS638DT,78,191,7,2012-10-31,1800,2016-01-26,4,3,1210
JX660WJ,128,247,2,2007-02-10,1600,2009-02-28,10,3,870
VL368QW,285,173,7,2009-06-27,1600,2017-01-29,12,3,1060
NA105HJ,93,245,2,2005-01-01,2000,2019-04-05,3,5,677
PU770KS,200,229,7,2010-12-13,1200,2021-07-26,8,3,274
XY081FI,82,221,5,2007-07-22,2000,2024-03-30,20,4,591
UE298YZ,178,159,4,2011-06-22,1600,2015-03-13,6,3,1077
LJ514BJ,202,241,7,2014-12-01,2000,2019-06-27,5,3,391
VI084HE,105,172,4,2015-03-24,1200,2022-10-09,11,2,625
IE721TN,114,174,4,2011-12-19,1800,2018-08-19,11,1,5
OE465LL,203,175,7,2016-07-02,1400,2018-04-24,7,3,1081
XI465FL,176,158,2,2011-06-16,2000,2017-01-01,17,1,284
VR246FN,152,169,2,2011-10-19,1600,2013-11-21,8,3,1029
QE161CQ,267,199,5,2019-09-03,1200,2024-05-03,16,2,775
KN781NL,298,179,7,2019-12-05,1800,2023-02-09,18,4,690
NB770OS,169,157,7,2007-12-26,1400,2012-12-08,5,4,1002
OV224IK,266,244,2,2006-05-13,1600,2019-03-21,7,5,307
NP686SK,74,205,5,2018-09-12,1200,2022-02-10,19,2,641
CJ141HA,255,220,2,2001-02-28,2000,2007-10-05,11,2,896
JC670UR,250,234,4,2011-10-23,1600,2015-08-31,5,5,1103
DH872ES,72,171,7,2023-08-02,1800,2023-08-24,5,4,752
ZD690VZ,100,208,4,2006-04-05,1200,2024-05-23,3,4,913
JD709ID,175,244,2,2002-12-03,1800,2008-10-27,15,4,332
NE192XV,102,225,5,2020-01-05,1400,2024-02-10,19,2,832
UN675HT,270,191,2,2007-12-19,1800,2019-04-28,14,5,1076
BC294RO,186,233,7,2017-08-23,1400,2018-12-21,17,4,191
GY421CH,239,243,2,2018-11-22,1800,2021-04-10,15,1,568
MA182CP,145,162,4,2001-12-12,1200,2010-07-05,2,2,109
LO078UF,295,175,7,2015-07-04,1600,2017-07-22,2,5,876
PE186IT,292,235,2,2004-06-04,1400,2022-11-15,12,5,227
XH728JO,197,225,2,2019-07-18,2000,2024-12-05,15,3,372
BN514EH,231,207,7,2013-09-21,1400,2016-01-07,13,5,122
ZX830QQ,126,228,4,2020-06-22,1400,2021-04-30,11,5,961
GW428NO,89,225,4,2023-04-13,1200,2024-05-10,10,3,487
LF058GV,254,188,5,2019-04-24,1400,2020-12-17,7,4,856
LK606VM,161,221,7,2001-11-12,2000,2017-01-09,8,2,560
RS459HX,198,214,7,2012-11-23,2000,2019-11-12,19,4,29
VB315WQ,252,180,4,2009-04-29,2000,2021-09-27,3,3,317
IP464LJ,240,237,2,2010-05-16,2000,2014-01-30,13,3,106
KD650AL,192,180,7,2023-03-10,1400,2023-12-30,6,2,1100
TS328JJ,205,183,4,2010-03-03,1400,2011-02-15,4,4,489
ID749FJ,162,239,5,2004-10-31,1600,2007-05-27,20,1,160
AK818ZO,106,189,5,2008-08-01,2000,2015-08-04,11,2,248
ZJ143FM,236,236,2,2016-02-29,1200,2023-03-07,15,2,87
AR017ZL,146,220,2,2017-09-28,2000,2021-11-18,18,2,315
GX621LL,169,181,2,2016-03-14,1800,2023-10-25,3,5,540
OV481TQ,274,225,5,2014-12-03,1400,2017-05-14,18,4,715
PW925NZ,133,190,5,2002-12-25,1400,2003-07-04,20,4,95
MP760MD,139,219,7,2011-10-18,1200,2019-10-08,5,2,429
DR565FM,164,236,7,2015-08-04,1200,2019-10-31,14,2,619
VX921VN,291,167,7,2014-01-05,1800,2022-12-04,13,3,428
SY173PH,255,240,7,2005-01-13,1600,2016-09-11,1,1,810
ZK158HG,233,242,4,2008-10-10,2000,2013-09-30,20,2,981
QZ479II,110,206,5,2021-07-31,2000,2022-04-21,19,5,929
OX998PG,257,162,2,2001-03-22,1600,2008-08-09,9,1,147
VI558GQ,72,228,2,2008-11-28,1400,2022-04-16,12,3,731
EE057CP,138,163,5,2004-06-18,1200,2022-08-24,9,3,569
FI411HB,88,235,5,2006-07-03,1200,2010-11-02,5,5,113
AX090AI,205,187,7,2006-09-11,1400,2021-01-01,13,4,282
TK279GE,91,154,7,2002-01-24,2000,2014-02-25,10,3,547
PO151QG,106,200,4,2016-12-15,1200,2018-08-03,9,3,511
ZZ441EH,265,246,7,2016-01-28,2000,2020-11-17,14,1,522
PY864DE,121,219,4,2019-03-28,1600,2021-03-13,13,1,489
NT359KM,194,197,5,2008-03-03,1200,2020-01-10,10,5,465
SR199NA,279,169,4,2005-09-24,1600,2019-07-01,4,5,279
GG092ZW,233,157,7,2013-08-31,1800,2019-01-21,10,3,378
UT367VU,201,216,2,2010-12-07,2000,2014-06-07,18,5,875
FS909RP,276,205,7,2009-05-07,1400,2012-03-03,13,4,662
OM500MP,85,193,7,2012-06-13,1400,2021-06-23,19,3,273
QE094HB,232,241,7,2023-06-23,1400,2024-08-14,20,4,1090
YW138RC,152,201,7,2007-10-23,1600,2016-09-19,4,4,1145
WG438WU,236,175,2,2000-07-27,1600,2006-12-25,8,5,1054
ZQ747ZS,299,232,4,2001-06-08,1600,2003-02-18,5,4,436
KD954MB,258,166,5,2016-03-03,1800,2016-03-04,1,1,526
GX105VJ,174,241,4,2013-10-01,2000,2015-07-20,14,1,1001
JM966HC,178,243,7,2023-04-22,2000,2023-11-17,6,5,144
DH940RP,176,190,4,2017-04-28,1800,2018-09-24,11,4,152
LE847VB,214,158,2,2016-11-30,2000,2020-04-01,17,4,959
HX290IB,227,248,4,2001-06-18,1800,2011-08-29,20,4,495
IC052ME,245,241,7,2010-05-03,2000,2018-08-14,20,3,25
UH704CL,216,156,4,2023-10-02,1400,2024-10-16,19,5,1099
PQ650BL,249,151,2,2021-02-13,1200,2021-06-28,2,2,734
DD059VV,192,166,5,2016-11-30,1800,2019-07-18,19,5,1033
DD194US,287,164,2,2014-12-27,2000,2023-05-27,6,3,112
SY811DR,260,207,2,2010-09-04,1800,2022-12-27,4,1,514
RI382CI,159,168,4,2005-06-29,2000,2023-01-16,4,3,249
KF267NY,144,243,4,2003-03-18,1400,2015-12-30,18,3,335
PU199XW,214,155,4,2010-01-21,1600,2015-12-03,2,4,906
XC721MN,223,249,2,2011-01-27,1600,2017-06-24,17,5,984
MO956FO,113,181,4,2017-05-19,1200,2022-08-16,17,3,221
CJ229ZA,95,155,4,2002-11-08,1600,2013-07-26,4,1,874
VI869ZA,178,170,4,2008-04-21,1400,2011-01-27,13,2,372
OT279PW,235,220,7,2015-06-12,1600,2015-08-25,11,2,1184
XZ915PY,196,166,7,2010-12-09,1600,2016-04-06,4,3,503
OX522UJ,188,224,2,2003-11-11,1800,2020-06-23,19,1,327
QJ463UP,248,201,4,2015-08-03,1800,2017-09-07,4,2,989
UC970IP,192,172,7,2013-07-25,1800,2014-11-22,20,5,807
QG445ZS,161,233,4,2022-04-04,2000,2023-01-02,16,5,1174
TQ693DN,232,209,7,2010-06-19,1400,2013-01-26,7,3,632
UZ586CX,193,201,4,2021-12-26,1200,2024-12-05,16,3,540
HR544EW,275,222,2,2012-11-01,1400,2016-09-13,4,2,353
NY653XL,208,179,4,2006-11-21,1200,2022-09-30,13,2,196
OE701ZK,181,163,2,2023-03-02,2000,2024-08-02,18,5,1206
QI016VP,257,175,7,2012-09-20,1200,2023-08-23,6,2,56
EN814RU,283,203,2,2016-11-19,1200,2019-10-19,1,3,945
ZT739LR,183,215,5,2015-04-14,1600,2023-08-16,13,2,1003
PV667TY,193,169,4,2019-02-05,1200,2020-05-22,14,5,476
CR807SY,89,241,7,2004-01-16,1600,2010-07-16,13,5,1060
IS466YP,231,161,5,2001-10-05,1600,2016-06-12,18,4,316
FW251PH,288,235,7,2014-07-21,1400,2019-04-04,16,4,929
RP338MZ,109,241,5,2016-03-03,2000,2021-10-25,9,4,164
UV117FQ,101,213,2,2001-11-02,2000,2022-07-27,2,1,1202
RQ400TG,71,211,5,2001-05-29,1200,2007-04-06,5,4,288
GH327NI,285,165,2,2015-10-27,2000,2021-09-14,6,3,746
LX595VT,101,162,5,2016-04-16,1200,2024-05-13,6,3,445
BA916RO,219,228,4,2015-09-05,1200,2024-12-14,2,2,986
SO717KG,267,243,2,2021-10-05,2000,2024-04-24,18,5,1218
GN582PJ,94,193,7,2019-05-04,1600,2019-06-17,4,2,306
OS758JI,71,178,4,2004-08-28,1800,2009-11-29,2,2,72
SP317UB,153,249,2,2000-04-14,1800,2002-06-24,19,2,839
OI638OB,135,197,5,2014-02-28,1600,2015-07-08,4,2,371
HL885NK,80,182,2,2006-05-03,1600,2013-05-17,6,3,532
KJ705OD,287,208,4,2013-12-26,1800,2018-05-02,18,1,828
UV219YK,197,164,2,2002-11-05,1200,2013-09-21,7,2,1095
PW559SI,131,176,5,2001-11-29,1200,2015-01-20,18,5,691
NG287BF,171,156,7,2013-03-29,2000,2018-10-29,19,2,257
BM634VL,184,198,5,2008-04-13,1800,2024-04-16,10,3,295
ZQ342WD,122,242,7,2001-12-20,1400,2005-08-15,17,1,1174
WJ088KY,276,206,7,2004-12-08,2000,2019-05-10,7,3,899
KG387HD,281,150,4,2010-04-28,1600,2011-11-23,18,3,288
CY383UH,164,188,5,2014-05-27,1800,2016-04-24,10,4,401
ZQ828VP,181,191,5,2008-04-08,1600,2018-10-25,8,3,929
SK065TD,295,236,4,2018-11-16,1200,2023-11-23,17,3,90
BO520VK,282,217,5,2016-05-13,2000,2024-11-03,15,1,568
QS537FV,73,185,5,2019-07-27,2000,2020-05-11,15,3,734
FU536MY,156,194,7,2001-09-11,1400,2015-09-08,12,2,829
NK439CQ,118,200,2,2000-09-17,1400,2023-01-05,14,2,976
FZ711SU,189,204,7,2018-07-31,1600,2021-12-12,8,4,227
LK234JS,226,192,2,2022-06-03,1800,2024-03-16,1,1,575
RT610MI,261,212,7,2017-01-07,1400,2024-12-04,5,2,1202
ZU046MI,82,235,2,2015-09-03,1600,2024-03-13,3,3,827
RL080XJ,269,231,5,2008-09-27,1800,2017-02-13,18,5,1079
PQ551HE,254,208,4,2013-01-06,1600,2014-03-21,5,3,672
KT033VU,193,161,7,2013-10-06,1200,2015-01-15,14,5,766
LJ749XK,196,175,2,2018-11-24,1600,2024-11-23,8,1,391
SZ783LS,78,213,4,2022-05-16,1800,2023-12-21,2,3,175
TB241XH,81,190,5,2013-05-06,1800,2014-05-15,5,4,369
XD190MQ,180,243,2,2011-03-10,1400,2020-10-20,8,5,60
YY280KO,215,236,2,2023-06-29,2000,2024-06-09,7,5,956
ID530ZJ,211,174,7,2000-09-06,1600,2017-01-01,10,4,193
WB344HX,273,214,2,2009-12-17,1400,2011-01-22,12,3,1043
JX579KT,168,161,7,2008-02-04,1200,2023-12-03,19,5,146
TO976QG,100,162,5,2016-02-28,1800,2020-09-12,3,3,1102
DJ576FO,188,195,7,2004-10-22,1400,2020-04-20,2,4,894
TC474LH,238,180,7,2012-06-03,1200,2020-10-09,14,1,927
AE473PC,166,225,5,2012-02-12,1600,2022-02-15,4,2,73
BC119VP,207,188,4,2022-12-17,1400,2023-02-08,11,1,197
CH066OA,139,164,4,2012-12-13,1600,2015-04-18,16,2,686
