UC271JD,767,2003-01-27,2005-06-22
NW246LA,356,1998-07-15,1999-06-23
CY880ES,747,2012-03-17,2014-08-08
HY069QM,766,2022-02-02,2022-04-28
NI679KN,207,1995-01-08,1995-04-08
UH026HZ,544,2024-02-07,2024-04-21
WH574PQ,195,1994-12-31,1995-04-16
OT500QB,507,2004-10-06,2005-03-05
DX919QN,617,2007-10-19,2010-01-09
AW491PF,361,2003-12-15,2005-01-17
CU855XX,115,1991-02-14,1995-05-12
EL900NA,251,2000-01-06,2000-11-16
AS839CB,105,2020-05-10,2024-08-03
KA418SV,559,1993-11-25,1997-04-17
EH685VI,33,1991-05-04,1991-12-11
HY069QM,198,2021-08-07,2022-04-28
NI679KN,22,1994-04-14,1997-02-03
UH026HZ,174,2023-06-09,2024-02-07
WH574PQ,20,1994-06-28,2013-01-06
OT500QB,145,2004-08-07,2024-06-02
AJ222NB,143,1999-05-10,2000-03-14
NW246LA,605,2000-08-26,2000-10-10
LN615ED,224,2008-01-28,2008-12-31
YV985KX,575,2008-05-01,2009-03-06
HY069QM,357,2011-03-19,2012-06-15
OT500QB,746,2016-07-23,2017-08-30
WH574PQ,355,1996-11-19,1997-09-01
UH026HZ,360,2022-09-02,2023-06-09
AS839CB,755,1999-02-17,2008-05-01
YJ720MX,848,2021-03-01,2024-08-13
QR260ZB,480,1999-04-05,2001-04-23
RL055SV,427,2012-01-07,2014-01-15
VZ283QF,314,2014-10-21,2018-12-20
BU764US,845,2000-02-03,2004-09-29
MX274SL,384,1993-06-12,1994-05-27
VQ626EJ,420,2000-06-19,2001-01-08
PS190LM,616,1998-01-18,2000-09-04
NZ046MK,379,2016-08-20,2021-07-17
UC271JD,766,2024-04-02,2024-09-28
UC271JD,848,1994-10-27,1995-09-29
UC271JD,207,2011-01-05,2011-04-05
UC271JD,360,2013-10-18,2014-06-18
NW246LA,355,1998-07-15,1999-01-17