GC908BT,3486,706,147,1,1993-01-19,2023-03-29,5,GPL,1
QW182IC,2364,530,118,2,1940-12-18,2020-07-20,71,BENZ,2
IZ258QI,4974,493,279,3,1988-04-09,2022-04-07,157,MET,3
XW791AF,3291,440,34,1,1944-05-17,2023-02-18,139,GPL,4
BV342XU,1695,465,207,2,1912-03-18,2021-02-11,176,GPL,5
QF431KF,3534,114,196,2,1966-06-25,2019-11-21,5,GPL,6
ZQ111JE,1081,714,128,1,1942-08-05,2019-12-17,200,DIES,7
KF186HA,3231,571,55,2,1975-08-18,2017-05-13,161,MET,8
FH008UV,3621,426,267,2,1900-08-13,2017-03-16,20,GPL,9
JH288DT,2330,570,286,3,1933-06-03,2018-04-04,87,GPL,10
WP163OH,1555,808,207,1,1982-06-27,2019-07-12,186,GPL,11
ZD197FI,2844,702,237,1,2005-03-13,2024-04-13,160,BENZ,12
HR629DG,2666,847,65,2,1966-05-03,2020-04-22,90,DIES,13
ZB104MW,2124,177,21,2,1962-04-10,2023-11-29,145,ELET,14
WK889EI,1851,352,151,3,1962-12-22,2020-08-14,111,MET,15
HR268TW,4993,184,142,4,2014-06-06,2018-10-01,166,GPL,16
JT924YY,1146,94,21,2,1914-04-21,2016-04-08,113,BENZ,17
KQ087KL,1666,152,234,1,2008-03-15,2021-12-31,150,DIES,18
XT394AS,3504,534,271,2,2012-02-21,2023-10-27,135,MET,19
YX657AF,2994,926,298,4,2002-07-02,2017-04-06,168,DIES,20
IU452LR,4642,984,27,1,1975-07-23,2024-12-03,52,DIES,21
JW445YN,4109,521,251,2,1993-11-01,2022-05-30,140,GPL,22
YZ940FG,2193,672,190,4,1971-03-05,2023-04-08,38,ELET,23
PC612OW,1981,990,231,4,1960-05-26,2021-09-07,108,ELET,24
DB222MM,3109,960,293,2,1981-08-13,2020-06-29,10,GPL,25
IJ050QF,4233,612,118,1,1982-12-19,2018-07-18,38,MET,26
PI682XA,3931,245,198,2,1938-06-16,2023-10-05,16,GPL,27
YV985KX,2009,885,67,2,1907-02-05,2021-08-12,20,DIES,28
KX301XR,4703,514,133,4,1970-07-28,2017-02-19,136,DIES,29
ZM481ZC,2310,924,279,4,2001-04-15,2017-02-03,157,ELET,30
LZ027WM,2409,877,242,2,1943-12-04,2023-09-04,127,GPL,31
QC712QS,2284,300,31,1,1912-09-22,2022-07-03,30,BENZ,32
QH257CZ,4440,986,30,4,1997-09-23,2022-05-05,36,ELET,33
JS927MF,4556,315,46,2,1900-03-25,2017-05-06,164,GPL,34
FQ765KJ,3350,182,215,4,1937-09-11,2022-10-18,124,GPL,35
CS257QH,1598,657,272,3,1933-05-28,2021-02-06,195,GPL,36
ZC954YX,1182,145,123,2,1968-09-08,2021-04-30,193,DIES,37
YA053ZG,2299,675,46,4,1901-03-13,2019-06-28,69,DIES,38
MX950KN,1245,530,34,2,1989-09-28,2020-10-07,71,GPL,39
MY378LC,3021,151,190,4,1904-11-17,2022-06-26,95,ELET,40
TO656DH,1902,83,213,4,2003-05-13,2023-02-05,168,DIES,41
OG442UG,1651,237,19,4,1977-07-16,2024-10-09,166,BENZ,42
AZ507HF,2481,431,259,2,1995-03-23,2022-12-17,8,MET,43
VU661AD,1555,772,29,4,1908-08-07,2024-06-13,155,ELET,44
VT272VJ,4576,290,10,4,1959-10-16,2022-11-11,116,ELET,45
RL996XP,3772,538,121,2,1917-07-14,2023-02-28,48,ELET,46
EY747SK,4019,669,28,4,1957-02-02,2017-12-25,63,DIES,47
DC020EO,4266,259,34,2,1945-02-15,2025-02-12,60,BENZ,48
WU513QB,2638,957,293,4,1997-01-07,2018-01-29,71,ELET,49
JA031QF,1191,451,145,1,1929-02-26,2019-08-27,164,BENZ,50
JC339BZ,3810,609,264,1,1953-11-20,2024-09-27,38,ELET,51
BN325IA,4754,484,158,2,1916-11-24,2018-04-22,12,DIES,52
UD919ZL,3014,524,236,4,2003-04-10,2017-08-16,38,ELET,53
RV156JP,2283,488,49,4,1913-04-02,2024-05-15,193,GPL,54
YQ172OH,4356,253,259,1,2009-02-22,2022-09-27,50,ELET,55
KE704TO,2479,149,257,4,1904-02-28,2023-11-22,6,ELET,56
PS426EP,4976,920,90,2,1930-12-04,2019-09-29,198,BENZ,57
IE659KX,3615,930,220,3,1910-06-28,2022-05-30,44,ELET,58
ZJ295UD,2094,743,19,1,1932-04-01,2023-12-20,2,GPL,59
ED809WD,4630,788,277,1,1908-04-26,2019-06-07,100,MET,60
CB354WZ,3332,659,88,4,1969-09-06,2016-09-18,48,DIES,61
VD247BM,4275,434,210,4,2000-11-26,2019-04-13,96,BENZ,62
QB022DR,1689,302,113,1,1902-05-01,2020-09-18,13,DIES,63
GF985XY,2540,217,214,4,2005-12-18,2017-12-12,155,ELET,64
II977NW,0,0,0,0,1999-04-05,2021-10-14,65,TR,65
KG777JD,4904,146,217,2,1950-10-05,2020-07-01,27,MET,66
FE923AT,1878,277,15,2,1942-07-03,2025-02-24,7,DIES,67
RR391RB,3384,243,12,1,1940-01-11,2020-02-08,193,ELET,68
OR039BK,2090,472,195,1,1930-01-07,2023-02-24,80,MET,69
OK276DA,3159,329,6,3,1978-10-10,2022-03-05,102,DIES,70
WX632QD,1389,720,146,1,1998-03-22,2019-11-08,84,GPL,71
OB750PJ,3970,200,242,1,1981-07-04,2022-03-04,23,BENZ,72
OK600LX,3112,934,112,3,1948-10-04,2022-01-01,156,MET,73
OE366JI,4143,521,125,4,1931-02-02,2025-02-26,129,DIES,74
MM245JV,1334,954,259,1,2003-06-15,2018-10-10,151,BENZ,75
CR875IQ,2163,962,281,4,1987-08-03,2024-10-08,199,GPL,76
QC209HR,4310,693,138,1,2000-01-18,2021-05-07,146,ELET,77
NH815LT,3091,469,210,2,1977-04-28,2024-11-20,25,MET,78
BE121XA,3971,165,253,1,1989-12-12,2016-01-05,126,DIES,79
LQ409KT,2949,948,250,2,1995-06-18,2021-05-19,5,ELET,80
NS056VV,2702,287,240,4,1986-10-14,2020-10-30,116,DIES,81
DV020SV,1788,881,172,3,1976-05-03,2019-02-06,112,DIES,82
CW481BH,3359,239,104,3,1901-07-12,2021-09-07,31,MET,83
ZF613NW,2360,141,247,4,1976-03-05,2023-09-11,105,MET,84
RX290JW,1031,110,144,2,1902-01-05,2024-04-12,157,GPL,85
ZL887EA,1821,627,212,4,1968-04-20,2022-06-07,157,GPL,86
HV047FO,4298,320,195,3,1952-04-20,2017-08-20,95,GPL,87
WW535OH,4650,308,187,3,1923-03-05,2018-06-23,104,MET,88
HQ623JV,2042,512,52,3,2009-02-03,2024-11-26,102,MET,89
NW246LA,3774,848,73,4,2009-06-19,2019-05-10,146,BENZ,90
LC721NT,3523,870,9,4,1996-11-20,2017-11-05,22,ELET,91
AQ502UG,4399,914,208,4,1945-05-11,2017-05-15,90,BENZ,92
AD372NV,3636,644,76,1,1996-09-04,2021-07-14,124,GPL,93
LX871WI,3607,748,247,4,2008-01-25,2022-09-12,100,BENZ,94
WD239XX,2263,304,25,1,2011-12-12,2023-05-04,63,GPL,95
LN615ED,2134,573,48,2,1960-08-07,2020-02-27,194,BENZ,96
PX806RB,4883,612,285,1,1976-05-03,2017-08-09,2,ELET,97
OP054EK,2157,989,241,4,1954-06-19,2021-07-26,180,GPL,98
EB177DT,3866,747,134,4,1979-02-16,2023-01-07,188,BENZ,99
QI750SR,2192,614,211,4,2013-01-08,2024-05-29,88,DIES,100
IX193HQ,4532,440,267,2,1952-12-07,2022-06-12,169,MET,101
ID613LB,3849,604,279,4,1952-08-03,2023-11-26,153,ELET,102
RH624RE,2239,849,196,1,2009-01-26,2022-03-26,129,ELET,103
OL692PC,4060,462,21,3,1994-05-26,2021-12-30,9,MET,104
ZA953RJ,2856,919,250,1,1995-10-20,2021-05-16,150,BENZ,105
TU423QJ,1458,912,4,2,1993-06-06,2020-03-26,199,ELET,106
NG247KK,4209,807,227,3,1947-06-19,2024-03-22,26,ELET,107
VT410PX,4944,144,105,1,1907-06-15,2021-08-24,76,ELET,108
FY512YM,1834,612,277,3,1928-02-28,2022-12-14,31,BENZ,109
NR463JQ,4170,185,130,1,1909-06-02,2020-11-23,173,GPL,110
RO923WW,1880,828,13,3,1992-12-14,2019-03-26,165,ELET,111
DX919QN,2742,185,118,3,1904-12-20,2021-04-30,157,ELET,112
PP010TI,4894,89,28,4,1969-12-28,2021-10-19,144,BENZ,113
DV213HL,2867,704,88,4,2005-08-27,2021-02-17,52,BENZ,114
OW205AJ,1970,795,59,4,1985-06-07,2019-10-16,59,DIES,115
QG347HY,3939,810,261,3,1968-12-22,2019-08-24,41,BENZ,116
XD337WB,3769,591,173,4,1946-07-11,2020-05-27,87,MET,117
NX832XK,4280,808,125,3,1929-12-26,2017-03-29,11,ELET,118
WU010JZ,2008,958,217,4,1952-04-12,2021-05-23,108,GPL,119
AG784WV,2608,456,115,4,1916-06-07,2022-07-13,192,GPL,120
UF333AL,2274,433,71,1,1918-01-15,2021-06-03,1,BENZ,121
AD056BV,3106,731,147,3,1982-12-27,2022-09-17,123,BENZ,122
AW491PF,4637,467,268,3,1934-05-01,2021-09-09,52,GPL,123
BP723WN,1459,310,214,2,1964-09-18,2022-06-26,174,MET,124
RM937YG,3929,696,228,1,2008-09-28,2016-09-25,104,GPL,125
FR050TO,4165,963,290,4,1933-11-03,2022-07-21,29,BENZ,126
YD836ME,4802,785,175,4,2010-08-09,2023-07-11,145,GPL,127
QQ327CO,3809,251,193,2,1935-11-02,2020-01-11,147,DIES,128
MC754WV,1593,658,278,4,1949-01-19,2022-05-24,110,ELET,129
IK509MH,2393,836,134,4,1945-05-15,2021-05-01,34,DIES,130
UL414HP,4183,649,28,2,1982-04-12,2020-06-18,156,DIES,131
AQ875NL,4021,469,146,2,1978-07-18,2017-12-28,50,ELET,132
YU755MW,3348,127,103,4,1961-10-01,2022-06-21,199,BENZ,133
ZH470NB,1065,812,153,2,1925-06-09,2018-10-10,187,ELET,134
NW712ZC,4497,975,159,4,1947-09-14,2023-10-09,42,MET,135
MQ777YP,4954,195,85,3,1930-12-11,2022-05-08,63,MET,136
OC578YL,3148,322,123,2,1966-06-15,2023-12-22,94,DIES,137
PL209LW,4695,703,10,2,1962-04-11,2023-03-22,196,BENZ,138
VD246FP,2723,614,51,2,1950-04-27,2020-12-02,66,ELET,139
JA432BX,1493,673,46,2,1950-10-28,2020-11-10,51,MET,140
TV885ZI,2614,466,131,1,1922-10-21,2023-03-15,152,DIES,141
DB010YD,2292,280,268,2,1908-10-20,2024-11-22,184,DIES,142
LA549BR,3235,679,172,4,1922-09-02,2023-11-21,119,BENZ,143
GW050MA,4458,551,55,1,1915-10-20,2022-08-07,100,DIES,144
IX635VP,2512,377,140,1,1975-08-03,2022-10-01,86,GPL,145
BQ312HP,0,0,0,0,1973-04-15,2022-02-03,65,TR,146
XI141YV,1025,933,92,4,1976-12-13,2023-10-14,112,ELET,147
LN233LG,4654,938,134,4,1918-12-16,2024-11-19,44,DIES,148
AZ134HG,3016,409,13,3,1959-09-10,2020-04-01,126,GPL,149
PH819ID,1848,253,273,1,1904-05-17,2024-12-07,6,DIES,150
RP010ON,2290,589,291,2,1916-06-01,2021-03-10,137,MET,151
PS388BJ,1496,860,178,2,1908-10-11,2021-03-27,75,BENZ,152
GL077TC,2512,609,287,2,1905-02-26,2021-06-24,179,DIES,153
CY880ES,3301,939,260,2,1973-02-14,2021-07-11,166,MET,154
XN174MX,1324,504,172,3,1965-12-21,2020-11-13,140,MET,155
LE438YD,3595,336,78,3,1983-01-18,2023-10-09,52,GPL,156
NE381UM,2523,150,39,1,1999-10-08,2023-12-31,144,BENZ,157
UO795GW,2294,960,93,3,1962-11-01,2018-09-26,37,MET,158
DE711EP,2153,947,121,3,1913-05-01,2022-04-23,23,BENZ,159
HY550FM,2681,570,284,1,1965-07-16,2018-03-02,49,BENZ,160
PP811UG,3181,773,140,3,1972-09-04,2022-10-04,100,MET,161
PW557QX,3868,261,38,3,1995-08-02,2019-01-17,54,ELET,162
QN927UT,3093,828,78,2,1927-05-03,2019-12-09,9,BENZ,163
CM859HR,1577,943,69,2,1918-03-02,2025-03-09,122,DIES,164
WO901PA,4361,551,67,4,1960-12-23,2021-11-16,24,ELET,165
OI347TQ,4504,202,244,3,1968-10-27,2023-03-29,173,BENZ,166
JW453RL,2172,487,141,4,1904-09-01,2017-04-16,144,GPL,167
IL655PJ,2286,130,23,4,1932-06-19,2018-04-27,189,DIES,168
GR404DK,1747,483,272,3,1962-03-13,2019-09-04,109,BENZ,169
IE438OT,4833,722,73,1,1970-02-18,2019-10-01,161,GPL,170
SY919VU,3580,377,168,3,1919-01-22,2024-03-29,187,DIES,171
DU474EA,1477,800,48,2,1923-06-16,2020-02-04,200,GPL,172
DX358LI,1597,206,101,2,1988-01-19,2019-06-21,191,MET,173
GR257PY,1891,673,198,2,1922-05-24,2017-05-11,165,MET,174
XJ888TG,4787,480,222,4,2007-05-05,2023-10-31,125,ELET,175
GK312BS,3433,667,117,4,2013-12-14,2023-12-01,186,DIES,176
WQ599BU,3508,758,269,4,1980-06-24,2024-07-01,123,DIES,177
NN463AG,2537,185,65,3,2000-01-27,2024-04-16,109,MET,178
TZ358QC,1207,669,52,2,1967-08-25,2019-12-15,81,GPL,179
CJ850MA,1309,658,191,3,1903-07-25,2019-03-26,116,DIES,180
LM657NA,4893,289,248,4,1918-10-20,2021-07-05,59,DIES,181
MT871GN,1933,699,202,3,1940-09-07,2020-01-11,149,DIES,182
IR714BE,0,0,0,0,1964-06-06,2019-02-05,65,TR,183
LJ259SO,4320,909,79,1,1983-07-03,2023-07-14,98,GPL,184
KL641FV,4830,119,289,3,1931-07-25,2019-09-07,75,DIES,185
IW162LM,4703,771,108,4,1941-06-13,2023-09-13,70,GPL,186
VI333QH,2307,370,273,2,1987-11-28,2020-07-25,118,BENZ,187
ZO605ZT,1276,921,229,3,2002-06-09,2016-12-31,114,ELET,188
GL947DE,4971,999,128,4,1907-01-19,2019-08-28,34,BENZ,189
QE023MJ,1186,634,84,3,1960-01-27,2016-07-13,12,BENZ,190
LM134FO,4944,831,225,1,1954-11-01,2018-02-09,8,ELET,191
MW914ZE,2716,346,300,4,1928-05-09,2019-03-23,106,DIES,192
XP999PD,3571,73,236,4,1970-02-10,2019-05-08,132,GPL,193
LW318MO,1910,639,170,2,1935-05-01,2016-09-12,95,DIES,194
VZ283QF,3310,450,76,4,1961-01-13,2024-04-12,111,MET,195
WG691YA,1610,826,90,4,1908-02-15,2020-11-20,150,DIES,196
GI899VB,4344,685,66,1,1939-06-08,2020-12-02,117,MET,197
IP114AW,4494,502,187,3,1922-02-02,2024-10-26,137,DIES,198
JM347YM,1033,709,115,2,1952-09-22,2017-04-21,199,GPL,199
WE135QR,1633,110,94,1,2005-01-15,2020-07-06,102,GPL,200
KY703OA,3446,177,255,1,1903-12-06,2022-03-17,55,MET,201
CQ020LF,1601,989,126,4,1968-08-14,2017-12-18,77,GPL,202
RQ498NR,4034,970,273,2,1904-11-07,2020-12-18,196,MET,203
IK220WF,4656,119,92,1,2005-12-12,2021-11-18,144,MET,204
DD174CX,1932,110,34,1,1961-10-02,2020-11-16,71,MET,205
YD846PU,1737,459,80,4,1999-06-24,2020-03-13,17,DIES,206
QR260ZB,4321,261,108,1,2001-12-11,2018-05-05,96,ELET,207
MI487CY,1588,457,172,3,1934-10-12,2022-04-16,27,ELET,208
JJ813YU,2526,673,98,4,1951-04-24,2021-05-06,10,BENZ,209
FG397VE,1830,969,13,4,1965-10-22,2019-08-25,190,GPL,210
FW594ZV,1764,156,296,4,1900-07-05,2017-10-18,181,MET,211
UZ126IR,1889,499,287,3,1914-04-16,2016-09-27,134,BENZ,212
EU952YV,4751,515,83,1,1937-02-23,2024-04-10,3,GPL,213
UJ745TB,2482,276,279,2,1995-05-17,2021-01-24,158,BENZ,214
BZ175PB,3529,95,67,3,1945-03-12,2025-03-19,162,DIES,215
TC425TH,0,0,0,0,1993-10-11,2024-08-24,65,TR,216
CN950EP,3517,894,157,4,1995-04-25,2022-09-22,153,ELET,217
SG614FG,3672,381,271,1,1912-11-11,2018-10-24,182,DIES,218
NB122MZ,2781,780,255,2,2009-08-18,2017-05-25,158,DIES,219
IZ736BI,3616,694,85,4,1922-07-08,2018-04-16,96,ELET,220
WJ813BH,1015,70,255,1,1982-08-20,2021-07-31,177,DIES,221
KP798OT,3106,349,242,4,1903-07-13,2021-10-24,117,ELET,222
IE756QB,4850,969,131,4,1915-06-04,2022-03-23,184,MET,223
XA301PR,3657,414,240,3,1905-02-24,2018-10-25,194,ELET,224
IZ244NB,4547,59,213,2,1981-11-18,2025-01-10,181,DIES,225
UP338CI,3562,102,102,4,1944-01-16,2018-04-24,161,BENZ,226
PD851RV,1332,924,270,4,1988-06-05,2019-06-19,116,DIES,227
NO343QN,3717,249,152,4,1911-01-17,2024-08-27,40,DIES,228
AJ222NB,3336,489,20,4,1958-11-19,2022-01-04,200,MET,229
KD406RG,2172,468,116,1,1950-11-25,2023-07-05,86,ELET,230
AR912GQ,2403,177,279,4,1936-02-28,2022-08-05,20,ELET,231
CI437FM,3083,105,213,1,1971-09-28,2019-05-29,161,ELET,232
CJ041GO,3683,628,47,4,1977-07-07,2019-02-16,141,MET,233
QZ401TU,4989,96,194,3,1902-10-05,2019-01-31,30,DIES,234
QL366YB,1244,743,265,2,1996-09-03,2017-02-08,159,ELET,235
HE122HQ,1094,459,154,4,1987-03-14,2017-05-14,162,DIES,236
GY481WK,1839,647,272,4,1919-07-11,2024-11-01,153,DIES,237
PB196IV,4647,478,278,4,1913-04-16,2016-04-03,166,MET,238
NB109HC,4998,97,59,2,1993-08-14,2017-12-01,92,BENZ,239
XF169WU,4826,57,171,4,1975-08-22,2022-11-06,119,MET,240
YY311HG,0,0,0,0,1910-11-16,2022-07-02,65,TR,241
MX274SL,1232,787,4,4,1987-04-21,2021-03-22,182,BENZ,242
GM674LG,2684,684,192,4,2000-01-03,2024-01-12,85,DIES,243
EX261ZG,1815,839,153,4,1972-03-17,2022-07-16,111,ELET,244
MV691YR,3822,519,44,4,1932-09-09,2023-05-12,77,MET,245
JN957ST,1975,820,212,4,1951-10-17,2018-12-07,5,DIES,246
TC220HG,3911,359,45,4,1966-06-21,2023-01-20,148,GPL,247
SA170WO,1612,602,261,3,1969-06-28,2021-01-11,77,GPL,248
UD232PF,3429,264,87,1,1970-01-16,2018-03-19,21,BENZ,249
IB404AS,4591,112,192,2,1932-05-11,2022-10-21,147,MET,250
ZK735BD,3681,544,72,3,1930-05-11,2017-01-31,53,BENZ,251
JR954CL,2569,152,200,4,1995-12-20,2023-08-29,8,BENZ,252
HD443AO,2805,482,213,3,2009-02-17,2019-09-22,83,BENZ,253
NK035WM,4566,446,151,3,1987-09-08,2019-12-22,15,DIES,254
WU038SW,1228,992,135,1,1935-06-23,2017-02-23,125,MET,255
XX746TV,4411,179,158,3,1931-10-25,2021-04-22,200,MET,256
CY569SB,2526,251,168,3,2010-05-27,2021-05-11,129,DIES,257
SC418QY,1129,315,41,4,1959-04-24,2024-06-20,59,BENZ,258
EO989GL,2731,354,187,4,1929-05-19,2024-05-10,190,ELET,259
HG619CH,3015,885,184,1,1987-02-10,2023-01-17,60,MET,260
AE883NN,1614,742,6,4,1957-03-26,2021-02-26,128,ELET,261
PW083EP,3476,247,273,2,1992-04-20,2022-03-16,81,ELET,262
MW749RB,4549,582,7,1,1960-08-04,2022-01-08,141,GPL,263
LK992NJ,4910,275,285,3,1940-07-06,2019-01-06,184,BENZ,264
JZ927AR,1603,766,16,4,1907-04-25,2017-07-08,7,GPL,265
WO672PX,3771,482,142,3,1969-07-21,2019-04-10,70,MET,266
BN809SS,4930,948,286,1,1952-12-14,2022-10-01,140,MET,267
ES941ZY,4859,203,19,4,1976-07-17,2018-04-13,44,ELET,268
DT921AK,2552,494,8,4,1930-01-17,2019-03-03,5,GPL,269
XK142TP,4246,239,202,4,1945-02-23,2025-02-27,97,MET,270
XC071WM,1360,896,149,4,1960-12-09,2018-11-29,195,DIES,271
VJ483MO,4970,183,116,1,2008-02-06,2022-01-18,85,BENZ,272
JK329FQ,1507,314,224,4,1978-05-26,2022-03-26,32,GPL,273
MC966PZ,1599,879,153,4,1956-09-16,2024-12-19,134,MET,274
JH402LL,1658,318,182,4,1930-12-17,2024-10-11,121,GPL,275
BL159UY,1485,772,103,2,1933-04-17,2021-07-28,156,MET,276
BS808RP,4577,71,123,4,1904-04-25,2023-08-14,138,GPL,277
JF548GE,4559,134,8,4,1954-05-20,2021-04-05,184,MET,278
ZH822XA,4966,992,54,2,1976-06-09,2023-12-30,85,MET,279
BE501AA,4748,133,0,2,1954-08-20,2024-01-18,164,GPL,280
KK076HH,3935,649,120,3,1979-03-14,2022-06-24,120,GPL,281
EL900NA,3500,962,278,4,1987-04-01,2022-09-04,34,BENZ,282
XZ762YM,3295,922,93,2,1947-07-22,2025-03-30,57,MET,283
CV088QE,1905,334,258,4,1990-01-16,2019-11-29,28,DIES,284
YT859YD,3888,378,181,4,1940-12-28,2020-01-20,98,BENZ,285
RU659MM,2314,552,143,4,2012-08-27,2022-04-16,185,ELET,286
MN915PE,4609,460,183,3,1934-12-24,2017-07-01,181,ELET,287
EI762UR,4115,106,30,2,1914-06-08,2023-08-10,141,ELET,288
AA953DV,3907,758,282,1,1978-06-17,2019-11-07,147,ELET,289
ZZ296AE,2868,248,225,1,1912-11-09,2022-11-23,74,ELET,290
RF804XZ,2829,792,191,4,1914-11-06,2021-03-22,127,MET,291
GR846BI,1057,409,157,4,1903-09-15,2020-12-08,69,BENZ,292
FH928PV,3817,943,10,4,1987-09-07,2022-07-03,68,ELET,293
MC774KV,3663,382,78,4,1909-10-09,2024-04-13,61,MET,294
KK695YR,4383,466,38,3,1956-11-10,2024-12-02,92,MET,295
VZ253CR,4764,207,261,3,1936-09-01,2020-07-09,179,ELET,296
CG386KP,4981,893,63,4,1920-11-19,2022-05-03,41,DIES,297
QC894AX,1536,170,37,2,1957-07-16,2024-12-16,183,ELET,298
YJ720MX,2560,221,234,1,1992-11-15,2022-11-26,109,GPL,299
YS026VD,4231,245,193,4,1993-11-16,2022-08-20,181,BENZ,300
JT556BG,1012,580,155,4,1909-08-11,2023-05-06,57,GPL,301
BU877UP,2540,798,123,3,1917-05-24,2020-02-05,126,GPL,302
YW345WN,1840,426,171,1,1953-03-11,2020-10-24,181,BENZ,303
IL139QY,1086,237,42,4,1993-12-06,2024-08-02,108,BENZ,304
GF537LP,4629,646,58,4,1997-03-23,2024-09-08,84,GPL,305
OS407CP,4510,788,162,2,2001-05-09,2024-03-11,134,ELET,306
WB344PL,4289,323,141,1,1977-02-09,2016-01-23,155,DIES,307
HK050LL,4657,709,41,2,1932-04-20,2023-03-01,1,MET,308
FK749LH,4809,578,61,4,1954-02-18,2023-06-05,185,BENZ,309
MV595VE,1835,356,11,4,1903-06-25,2024-08-16,23,BENZ,310
XI900PR,3666,944,96,1,1991-02-25,2020-04-07,177,GPL,311
JO135YN,3675,476,285,1,1971-11-15,2025-03-07,112,BENZ,312
OQ918AL,4803,962,141,3,2008-08-02,2022-11-30,4,MET,313
RA318HJ,1758,176,31,4,1960-02-28,2024-11-17,42,ELET,314
UC088XI,2296,563,141,4,1981-07-09,2021-11-25,132,ELET,315
KT302VD,4742,169,28,2,2010-07-04,2023-03-17,107,MET,316
XP042AB,4376,430,158,3,1997-12-24,2020-04-29,48,MET,317
MY633TK,3386,935,279,3,1957-06-18,2019-07-02,146,BENZ,318
RL595WL,3819,956,26,2,1998-06-05,2017-09-19,160,DIES,319
CP129KL,2936,939,115,1,1973-08-20,2020-02-28,14,GPL,320
DJ540OK,3851,810,60,3,2009-09-06,2018-07-10,72,GPL,321
KA722IW,4127,962,80,4,2002-03-01,2018-11-21,85,GPL,322
VI682CN,1563,547,168,1,2012-07-24,2021-11-11,139,MET,323
NF615OI,3000,897,278,4,1996-07-14,2020-01-19,121,ELET,324
PA179QU,4967,202,121,4,1984-03-25,2020-05-18,164,MET,325
WM643LO,1593,825,123,4,1928-06-15,2023-10-28,82,GPL,326
ZX063VU,4896,268,5,1,1931-10-17,2019-03-29,148,BENZ,327
MT640XV,1537,83,171,4,1986-09-15,2019-07-04,116,MET,328
IX423WO,1982,867,61,4,1929-08-07,2021-08-30,45,BENZ,329
MZ892TM,1961,676,224,2,2005-04-07,2023-12-03,116,BENZ,330
AC640MD,4681,309,72,1,2011-10-18,2022-10-12,88,BENZ,331
AN475SE,2242,141,23,4,1901-04-15,2016-04-02,85,DIES,332
GV098PO,2531,90,142,2,1933-06-04,2022-08-13,10,ELET,333
CO621SM,3534,369,88,3,1991-02-03,2019-08-24,20,ELET,334
SI657PY,4188,416,164,1,1900-02-28,2016-01-08,136,MET,335
JD123BJ,4894,771,229,3,1994-05-09,2017-11-30,6,GPL,336
UN896LC,0,0,0,0,1987-10-27,2016-09-21,65,TR,337
ED301XP,2611,823,227,2,1961-07-07,2024-08-13,133,MET,338
ZX320MK,1026,68,108,4,1907-06-07,2019-03-01,107,MET,339
MW545NN,1766,216,92,2,1917-04-18,2024-06-14,92,DIES,340
VH768ID,2030,158,70,4,1957-11-16,2021-06-02,200,BENZ,341
CC748WG,4537,738,69,4,1920-12-27,2023-10-27,113,MET,342
PC610BY,1366,407,77,2,1953-10-07,2019-04-18,22,DIES,343
ZJ589KR,3637,474,25,4,1956-04-26,2021-01-20,110,ELET,344
VH826QV,4448,767,276,1,2000-05-02,2025-02-19,100,ELET,345
ER699KZ,1996,708,251,3,1942-11-25,2021-08-14,14,GPL,346
QJ709QX,3366,568,153,1,1927-05-13,2020-02-20,85,ELET,347
LN219YQ,2623,425,194,4,1913-08-24,2025-02-09,133,GPL,348
KL908KO,2776,938,94,4,1926-03-06,2023-03-18,138,DIES,349
UB476VK,1316,537,228,4,1900-10-10,2024-11-20,62,BENZ,350
GE522TY,2040,476,293,3,2004-12-07,2021-06-06,82,BENZ,351
AB019RM,2192,408,270,1,1901-10-25,2024-09-10,171,DIES,352
JC024YB,4110,246,161,1,1946-12-14,2018-12-22,62,ELET,353
BT100GR,4394,152,216,4,1903-08-05,2018-10-06,164,MET,354
WH574PQ,2614,343,148,3,1983-02-07,2022-05-25,20,GPL,355
CI081GA,1832,924,278,1,1941-04-28,2023-02-20,93,MET,356
HY069QM,2842,445,68,1,1991-09-06,2019-09-11,198,DIES,357
UC271JD,2039,791,93,4,2014-07-20,2020-09-24,16,BENZ,358
HC503WI,1970,98,243,2,1972-01-14,2020-12-27,50,GPL,359
UH026HZ,1878,219,113,3,2013-02-06,2022-09-02,174,BENZ,360
KA004QZ,2632,87,244,1,1923-09-09,2022-12-12,184,BENZ,361
OZ343FV,2611,271,265,1,1992-01-13,2019-03-02,72,DIES,362
HH104JD,4741,155,40,1,1923-08-18,2018-12-21,104,GPL,363
GF993FA,4308,129,167,3,1937-09-01,2024-06-20,200,MET,364
GU557YA,4951,914,284,1,1920-04-17,2022-05-18,21,MET,365
EU307WL,4218,827,150,3,1940-06-22,2017-01-23,79,BENZ,366
RZ746DG,3614,948,136,2,1927-01-06,2017-06-24,11,DIES,367
ON049ME,2945,947,74,2,1915-12-28,2017-09-04,30,BENZ,368
MB152QD,2795,807,167,3,1982-11-11,2021-01-22,3,DIES,369
QR746LS,2123,377,272,2,1933-07-22,2022-12-06,175,BENZ,370
NH123EH,1758,345,119,4,1964-09-17,2022-08-19,83,GPL,371
VG508XL,1556,374,243,4,1985-03-07,2019-10-08,92,GPL,372
TW561MK,3856,331,3,4,1928-03-08,2024-03-29,144,DIES,373
AI985IW,3780,497,285,3,1968-02-12,2019-07-21,90,DIES,374
SE123IP,3628,451,17,1,1993-06-16,2017-07-10,38,BENZ,375
FF327YZ,1164,141,32,4,2012-11-14,2022-12-24,151,MET,376
KV840EQ,2568,642,201,3,1974-08-18,2021-07-20,127,ELET,377
DS442SD,2074,941,42,4,1914-01-20,2022-07-21,60,BENZ,378
TY720IK,1699,916,201,3,1919-11-03,2022-02-07,146,ELET,379
OI889CR,1401,321,173,1,1915-07-05,2022-12-27,174,ELET,380
NC633QQ,2382,283,22,2,2013-04-04,2022-11-27,188,ELET,381
WK031FZ,2521,213,272,1,1903-04-25,2019-02-10,90,BENZ,382
RK058XJ,1903,767,43,3,2013-12-20,2017-07-28,130,BENZ,383
HX141NT,1923,312,93,1,1903-03-11,2022-08-13,31,ELET,384
AO574XE,1697,224,113,1,1900-06-12,2023-12-12,169,MET,385
PE987NK,3504,404,235,4,2008-07-12,2020-11-04,47,DIES,386
QE661FW,2458,275,291,4,1976-01-05,2022-03-14,101,BENZ,387
KR191FZ,1257,691,8,4,1969-10-21,2023-03-05,46,BENZ,388
DQ463VW,1437,106,291,4,1956-03-20,2020-03-02,30,BENZ,389
CG464NS,3174,712,172,4,1910-08-26,2017-11-20,107,GPL,390
FP165RT,2280,884,190,1,1958-11-07,2022-08-14,82,MET,391
YZ204FG,2929,324,213,2,1991-12-03,2019-05-28,146,GPL,392
SA067YH,3503,854,158,2,1945-09-24,2022-04-16,112,BENZ,393
XI091RF,2063,346,233,1,1909-10-06,2020-11-25,141,DIES,394
RV903WQ,2570,109,65,4,1983-03-12,2023-03-25,189,MET,395
PZ028FP,3071,468,99,3,1939-05-20,2024-02-24,38,ELET,396
EW502OU,4417,878,252,4,2009-05-24,2018-11-23,22,DIES,397
SG152VS,4999,964,117,4,1994-01-12,2019-03-07,22,BENZ,398
UB027FT,3890,531,213,4,2004-06-18,2017-06-12,57,MET,399
YF681YM,1959,756,245,4,1951-10-12,2017-11-29,45,ELET,400
HF296ZS,1233,434,84,3,1916-12-04,2025-03-30,6,ELET,401
FO484AI,1110,988,147,4,2011-10-23,2018-08-03,104,ELET,402
HL055AT,2317,709,236,4,1959-10-26,2017-11-09,198,DIES,403
PU074NZ,3884,630,212,4,1993-08-13,2023-10-21,126,GPL,404
BP767PN,2434,524,42,3,1956-09-25,2017-04-06,115,DIES,405
VD310HR,1181,544,242,4,1963-02-16,2021-02-07,66,BENZ,406
BQ447ZN,2562,991,259,3,1907-01-06,2017-08-26,195,BENZ,407
WY548ZM,4128,513,291,1,1956-02-16,2017-10-20,42,ELET,408
RD612BH,1405,773,181,2,1949-09-25,2018-09-13,171,GPL,409
HQ880GU,2040,838,266,4,1984-02-11,2019-10-01,35,MET,410
BR076YD,4718,918,19,4,1918-11-23,2020-11-23,198,MET,411
GC846LR,4918,637,213,2,1994-10-07,2022-04-25,78,BENZ,412
ER894EI,2876,429,116,4,1996-12-07,2019-05-28,196,DIES,413
HU609LJ,2690,236,261,1,1924-11-12,2022-08-21,134,GPL,414
XB697FR,4864,354,12,4,2006-05-20,2019-06-25,104,BENZ,415
TN492AX,4911,125,127,4,1910-06-27,2024-09-15,30,ELET,416
OX349IT,4064,168,191,3,2004-05-24,2019-07-27,75,BENZ,417
YG267FP,2509,591,122,3,1960-05-19,2024-09-27,199,GPL,418
LV731OF,3135,422,45,4,1940-02-23,2017-10-27,33,GPL,419
QB597FE,4464,990,144,4,1910-02-05,2023-03-11,12,GPL,420
IL674FC,1256,129,258,3,1944-02-02,2021-02-08,130,BENZ,421
AS077IR,3429,710,190,4,1944-01-12,2021-10-05,42,ELET,422
DV674JA,2739,91,19,4,2014-04-07,2022-02-16,99,GPL,423
AR175WX,3061,74,238,3,1965-04-16,2023-03-09,132,DIES,424
VM660EE,2914,482,207,3,1922-03-09,2017-12-23,21,MET,425
JD643WH,2805,194,26,4,2009-07-14,2022-07-01,11,GPL,426
TM513TF,4836,741,181,4,2014-11-17,2018-04-05,115,GPL,427
DF886PI,3370,487,22,4,1978-02-08,2021-09-21,12,GPL,428
KS562CU,2917,448,113,2,1945-05-07,2019-06-09,14,ELET,429
GI050CT,4289,877,120,3,1941-03-01,2022-03-09,106,DIES,430
CH047TU,3846,293,168,2,1952-12-13,2022-12-22,46,GPL,431
TY382VB,2037,433,59,4,1965-01-27,2017-03-07,33,BENZ,432
EH685VI,4623,750,35,3,1911-01-04,2021-12-25,40,BENZ,433
PV731JZ,4580,114,117,4,1990-01-12,2020-09-22,122,MET,434
GW515XO,1604,306,39,1,1966-07-26,2019-11-16,69,MET,435
UE427VL,1212,354,168,2,1958-08-14,2021-08-28,125,BENZ,436
PK444BE,4241,384,40,4,1976-06-11,2018-01-24,69,GPL,437
IM457PC,1579,599,15,4,1900-04-16,2019-10-28,56,ELET,438
PG744AY,1687,653,119,4,1929-12-28,2024-08-16,31,DIES,439
JE401UO,1196,832,275,4,2009-07-09,2018-10-27,171,DIES,440
TL391CO,2400,844,282,1,1965-01-09,2021-08-07,64,GPL,441
YU634BV,1884,626,192,4,1984-01-20,2021-10-12,16,BENZ,442
ID865BP,4483,933,268,4,2010-02-09,2019-02-24,81,DIES,443
UE120CD,3773,264,235,2,1994-02-01,2020-03-23,15,ELET,444
TA627AF,2182,872,235,4,1903-06-15,2021-10-29,126,MET,445
VW251ZV,2699,770,130,3,1958-09-06,2017-04-13,94,ELET,446
AH571YS,3045,979,271,1,1910-12-21,2018-06-21,139,GPL,447
BV960SW,4659,586,134,3,1981-04-22,2020-02-29,32,MET,448
QJ592ND,1019,625,154,4,1964-10-16,2022-03-19,35,MET,449
IA610OD,2793,415,125,3,1988-01-07,2022-01-03,37,BENZ,450
GA444YO,1501,140,184,3,1968-02-24,2020-11-11,135,DIES,451
XZ235XV,1749,471,252,2,1933-09-27,2018-12-09,105,MET,452
KP321UL,1867,326,289,4,1979-07-19,2023-01-29,174,DIES,453
XD365ZD,2251,451,121,1,1919-03-20,2017-01-19,120,BENZ,454
OX556OW,4345,704,156,2,1937-02-05,2019-12-28,81,DIES,455
SS389YC,4077,598,72,4,1926-06-10,2018-01-21,127,GPL,456
NW903XW,3429,713,26,3,1939-06-28,2023-05-04,156,GPL,457
MX230NK,3299,396,260,4,2000-05-13,2021-06-27,193,DIES,458
YO873JY,4301,383,92,4,1936-02-22,2020-08-10,92,MET,459
LK768YK,4159,817,150,4,1970-05-04,2016-12-19,105,DIES,460
CE179WS,2818,579,297,2,2014-09-25,2017-01-02,125,MET,461
AT605WL,4759,829,265,4,1938-11-10,2024-03-10,149,DIES,462
WA783BE,3290,641,113,1,2010-09-15,2017-06-12,90,MET,463
WW638FW,4367,437,227,3,2011-06-08,2022-06-17,144,DIES,464
BN404HY,4898,749,281,4,1917-07-07,2024-08-07,176,BENZ,465
KL890VX,3245,631,205,2,1951-01-04,2025-01-18,111,DIES,466
RA310SB,3025,849,163,2,1923-07-02,2019-05-07,152,GPL,467
GB475YV,1763,777,268,3,1998-09-26,2018-03-27,28,MET,468
GG207GD,2927,663,264,4,1939-12-20,2019-04-04,73,MET,469
TV546WM,2708,119,68,2,2011-05-18,2019-04-02,116,GPL,470
FE746BP,1020,508,83,3,2010-10-25,2019-02-16,11,DIES,471
DP911XG,2586,183,208,3,1932-04-19,2024-09-26,156,BENZ,472
HQ193LZ,2512,666,157,1,1969-08-07,2023-11-25,123,GPL,473
WB917QY,1764,492,111,4,1940-01-16,2023-01-23,32,MET,474
CM038FQ,3318,912,300,4,1909-06-17,2020-04-19,64,GPL,475
XI603FG,4374,122,77,3,1947-09-18,2019-07-06,32,BENZ,476
BS352YD,4194,440,249,2,1992-09-13,2024-04-10,13,ELET,477
CS474FJ,3396,502,160,4,1958-06-06,2017-03-23,38,GPL,478
FP634HY,1258,389,140,2,1903-07-16,2019-07-02,149,ELET,479
JS733MP,1700,190,158,3,1964-07-09,2020-04-15,163,GPL,480
LB422NR,2005,716,131,1,1999-02-17,2017-04-12,71,BENZ,481
QF314PI,3766,847,51,1,1953-11-07,2024-08-09,70,GPL,482
AP293FH,1658,127,219,1,1951-06-15,2018-07-28,64,MET,483
EV792QK,3956,986,178,2,1927-08-13,2023-07-06,183,ELET,484
BR329IX,4034,320,55,1,1959-11-11,2022-12-07,24,DIES,485
OV587IP,1508,849,105,2,1901-12-24,2022-05-23,154,GPL,486
AI867NJ,4813,343,45,4,2013-08-10,2017-07-11,169,MET,487
BQ073OR,3338,84,142,3,1994-08-26,2024-04-16,41,DIES,488
BF081GW,4962,834,112,2,1928-11-21,2023-04-25,173,ELET,489
VR446GR,4178,882,244,4,1924-07-20,2021-12-21,120,DIES,490
LD673ZB,3895,994,121,4,1906-11-19,2017-09-12,26,GPL,491
MZ688FT,2522,989,271,3,1972-08-14,2018-11-19,160,MET,492
MT743UH,3475,848,172,1,1947-09-08,2023-09-19,133,DIES,493
VS103NV,2389,121,25,3,1994-09-20,2019-07-15,173,DIES,494
ED614ZY,2442,829,167,4,1955-05-13,2024-02-21,96,DIES,495
FL449RF,1779,426,47,1,1957-11-11,2023-06-20,119,MET,496
KF701FH,3648,755,285,3,1925-08-19,2020-06-27,83,BENZ,497
WY354LX,4547,501,53,4,1968-06-25,2020-04-05,177,DIES,498
NM238IU,1783,460,66,4,1995-05-06,2021-11-09,162,BENZ,499
DD463CF,1244,344,155,4,1911-09-25,2018-01-04,140,MET,500
HY069OI,2212,929,73,4,1902-12-03,2017-12-05,188,DIES,501
NF414KB,1089,285,299,3,1973-03-28,2016-11-18,92,BENZ,502
TN784HX,1570,175,281,2,1992-02-08,2021-07-30,54,BENZ,503
IZ223GM,2484,353,235,2,1915-12-18,2020-08-17,136,GPL,504
IH291YC,1139,574,148,2,2013-07-06,2024-05-14,157,MET,505
ML720HN,1940,517,9,3,2004-05-25,2021-03-19,105,BENZ,506
BU764US,3841,457,106,3,1990-06-16,2020-08-30,167,GPL,507
LP845WO,4164,1000,88,1,1983-12-09,2024-11-28,37,ELET,508
JX354AP,4829,551,209,4,2002-02-08,2018-01-07,83,MET,509
CT075DZ,2947,832,55,3,1991-12-24,2020-01-18,179,ELET,510
BB393VI,4148,71,20,4,1939-03-25,2024-12-12,159,BENZ,511
WZ758QN,1081,711,220,3,1965-09-14,2017-06-08,53,ELET,512
BO605EQ,1148,729,286,2,1939-08-17,2022-10-03,152,DIES,513
MP082GW,4098,358,259,3,1960-05-10,2018-03-29,85,BENZ,514
BA096RS,2394,395,41,4,1936-09-05,2018-03-19,90,MET,515
CQ137BD,3040,532,265,2,1949-07-13,2020-02-05,159,MET,516
CE330XJ,1752,195,5,4,1932-01-13,2019-04-08,44,BENZ,517
RV507UF,1875,916,140,1,1974-06-04,2021-06-29,37,DIES,518
ZS540LD,1165,213,256,1,1913-04-11,2020-05-05,95,BENZ,519
ZM626QM,3263,608,218,2,1923-10-10,2021-10-04,170,ELET,520
KT272IQ,2808,358,168,3,1998-08-23,2024-10-07,43,ELET,521
DL299MM,4441,126,147,2,1955-10-17,2018-04-06,181,BENZ,522
JT664FW,3035,730,171,2,1944-10-12,2019-12-01,112,GPL,523
WD733OL,3234,106,65,4,1928-06-14,2019-09-20,89,GPL,524
QY085TX,1070,576,135,1,1943-06-20,2019-10-13,1,DIES,525
VB507CT,2880,274,211,4,2004-08-06,2022-12-26,164,ELET,526
CE300TZ,3774,179,161,4,1914-09-21,2020-02-12,24,DIES,527
EU981EW,4293,476,223,1,1918-11-25,2017-12-25,88,GPL,528
ZT443HN,2510,336,286,2,2003-02-10,2020-10-26,101,DIES,529
BM415TG,1589,768,86,4,1912-11-07,2017-08-09,145,ELET,530
YI836ZP,3504,239,95,1,1989-08-16,2020-01-10,177,ELET,531
BW536LQ,2760,168,171,4,1945-03-04,2018-10-09,66,BENZ,532
AX060GI,1946,803,47,2,1961-04-21,2022-06-14,200,ELET,533
QJ202WV,2947,962,252,4,1951-12-22,2017-01-01,73,MET,534
WO197DO,1222,649,243,2,1928-06-21,2017-10-21,114,ELET,535
JF397KZ,3456,545,219,2,1923-04-15,2023-05-04,59,ELET,536
YX465AG,4346,67,36,2,1981-08-05,2023-11-11,78,BENZ,537
ON326ZA,3706,748,204,3,2007-02-24,2023-09-27,182,DIES,538
YK738CO,2994,1000,229,1,1958-04-25,2021-07-14,153,ELET,539
ZU218YD,3884,96,210,4,1947-12-08,2024-03-28,163,MET,540
OA788FM,1731,747,283,2,2010-03-25,2022-12-11,64,GPL,541
ED020OH,2388,499,216,1,2006-01-05,2025-03-28,174,DIES,542
QG853XU,1977,408,62,4,1986-11-21,2021-03-11,148,BENZ,543
RL055SV,1881,813,38,4,1914-09-05,2019-01-20,45,MET,544
SG982CF,3659,831,1,3,1916-07-14,2021-08-18,30,MET,545
HN637WN,1549,356,283,3,1910-05-17,2017-01-03,32,ELET,546
UJ279MV,4200,380,6,4,1927-09-12,2025-01-07,142,ELET,547
EO640DG,3534,67,179,2,2008-10-20,2016-11-20,35,MET,548
KK902EN,4299,255,54,1,1963-08-21,2017-07-22,78,ELET,549
YU652OZ,2762,422,46,1,1939-06-21,2023-05-23,133,DIES,550
WW421ZO,3128,310,19,1,1955-07-18,2018-01-24,124,GPL,551
JB963MI,3762,389,83,3,1961-12-06,2017-10-11,67,MET,552
WU911PQ,3721,253,169,4,1952-01-09,2020-07-04,86,GPL,553
IR229ON,3336,623,260,4,1907-08-15,2021-08-01,64,BENZ,554
JX771JV,4354,539,53,3,1966-12-04,2021-01-24,77,ELET,555
MI424LX,4721,695,275,2,1955-11-26,2018-04-09,170,BENZ,556
JD244JE,4305,503,124,2,1997-09-22,2023-05-10,112,BENZ,557
MQ046NF,3421,562,28,2,1950-05-28,2019-10-13,141,BENZ,558
ZT603YG,4842,615,274,3,1937-08-01,2020-07-13,10,BENZ,559
ZF098NV,2511,866,123,1,1901-11-25,2019-04-01,97,BENZ,560
GX308LX,3705,405,49,4,1973-10-22,2022-03-08,79,ELET,561
YH081EO,3953,182,158,2,2005-01-25,2021-08-28,152,BENZ,562
MH044AZ,4431,381,101,2,1985-02-06,2016-02-23,139,DIES,563
MJ094MW,2207,112,198,1,1924-04-25,2021-08-06,102,ELET,564
YA053RV,2628,895,300,1,1991-05-21,2021-12-28,3,ELET,565
SU541YA,1268,140,56,2,1940-07-09,2022-07-25,28,DIES,566
ED614TE,4279,512,42,1,1951-02-01,2017-03-23,21,BENZ,567
YU124QW,4422,964,180,4,1905-06-22,2017-08-17,63,DIES,568
IP712MC,3593,227,141,3,1969-02-01,2017-11-18,91,ELET,569
RY373NU,1543,602,277,4,1959-09-05,2021-07-05,137,ELET,570
EL340SX,4591,518,242,2,1933-09-26,2017-08-28,172,MET,571
IE620LC,3852,757,286,2,1952-02-26,2023-03-20,183,ELET,572
IT147RK,1797,793,104,3,1924-06-28,2025-04-02,125,DIES,573
MZ680CU,1912,526,242,1,1990-09-23,2017-09-11,164,GPL,574
EW831CC,3317,536,18,3,1947-02-19,2020-02-22,149,MET,575
ZC376LI,4353,506,12,4,1914-07-07,2019-08-13,42,GPL,576
VE463JD,3272,610,258,4,1991-09-25,2025-02-12,92,ELET,577
DH453MP,4105,348,266,4,1916-04-24,2023-06-03,132,ELET,578
WW043QR,1239,962,241,1,1997-10-09,2017-06-25,125,ELET,579
ZU409RC,1637,965,274,4,1906-09-12,2022-05-17,157,MET,580
WY068EI,4483,878,16,4,1957-07-21,2020-08-16,122,DIES,581
VF939DR,4887,457,192,3,1964-05-04,2018-07-23,19,DIES,582
MT900WV,3000,150,57,1,1969-04-28,2023-08-17,50,MET,583
EA490CK,1637,980,177,1,1942-09-15,2024-06-19,55,GPL,584
LS579PQ,3270,724,11,4,1976-05-05,2024-03-11,91,ELET,585
UW474UF,1749,175,99,3,1925-03-07,2024-01-04,136,MET,586
II179YC,4301,357,76,4,1902-11-25,2024-10-12,90,ELET,587
GT571KV,4375,321,90,3,1937-03-05,2022-07-24,68,GPL,588
TI405UT,1931,122,72,4,1912-09-10,2021-06-03,146,DIES,589
PS190LM,3005,638,172,3,1952-02-09,2019-04-01,56,BENZ,590
TN235IG,4808,884,65,1,1982-07-07,2019-02-16,12,DIES,591
FG278WS,2719,657,48,1,1993-04-01,2017-11-02,38,GPL,592
GG665TJ,2129,971,225,2,2005-04-07,2022-03-03,181,GPL,593
GM556AN,4450,141,95,2,1948-12-08,2022-06-24,40,MET,594
IH247BT,2760,746,216,2,1952-09-20,2020-04-13,150,MET,595
RE972GG,3525,467,33,4,1900-10-06,2024-05-02,188,DIES,596
SA249KN,4471,931,240,4,1925-09-02,2022-02-06,76,BENZ,597
OD163GS,3473,862,289,2,2014-12-20,2017-12-12,193,MET,598
LO358WQ,3474,769,134,2,2000-03-12,2019-05-05,66,MET,599
MB010UE,4840,979,166,1,2003-05-08,2024-10-03,29,ELET,600
ND138PC,4273,973,66,1,1971-09-01,2017-02-03,139,BENZ,601
HL813EJ,1606,126,251,3,1991-02-23,2022-12-11,28,GPL,602
RI698CP,3080,203,90,1,1962-03-07,2022-10-19,67,MET,603
VA928PY,3065,369,271,1,2011-11-06,2022-12-01,22,MET,604
LJ837EQ,4608,772,3,2,1933-06-05,2017-10-15,18,BENZ,605
NU860VA,4427,808,35,4,2013-10-23,2023-07-09,94,DIES,606
NG202AP,2802,890,148,4,1951-11-05,2019-12-02,37,BENZ,607
OD932QI,1293,863,34,4,1910-03-05,2018-02-25,126,BENZ,608
BI007SR,2164,118,289,4,1926-06-16,2023-08-19,129,ELET,609
BE366FF,3045,177,260,4,1983-03-12,2020-03-19,87,DIES,610
NL445OO,4775,617,164,4,1952-05-12,2021-08-06,89,GPL,611
RX649LN,4580,618,217,4,1961-11-06,2023-09-25,160,DIES,612
YH814LA,4165,685,5,2,2013-12-01,2023-06-05,9,BENZ,613
FO921ZN,1939,933,290,4,1949-02-13,2020-09-30,170,ELET,614
QG940TZ,1021,910,98,3,1998-01-25,2018-04-03,85,DIES,615
NI679KN,2883,924,253,1,2006-09-27,2022-07-28,22,BENZ,616
XM581IG,2816,450,128,1,1923-11-22,2018-06-23,185,BENZ,617
QH447MA,3159,734,127,4,1987-02-13,2019-08-06,48,ELET,618
IZ825SN,2055,456,248,3,1957-01-16,2021-11-01,163,DIES,619
JP302VG,1651,906,97,2,1915-10-03,2023-01-20,183,BENZ,620
LN940FC,2810,943,6,2,1900-07-07,2024-03-24,86,ELET,621
WV501SR,4573,879,115,2,1969-04-24,2024-02-25,67,BENZ,622
XX134CH,2986,264,75,2,1937-03-20,2018-04-24,18,MET,623
GB305GI,1551,478,66,1,1960-09-14,2017-02-04,38,GPL,624
KR871CI,1409,646,103,3,1968-04-14,2023-10-09,104,MET,625
RY552WF,3319,672,35,2,1925-11-16,2017-10-17,106,BENZ,626
TG211RE,4849,459,65,4,1909-06-06,2025-02-17,75,DIES,627
VQ880EI,4274,274,186,3,1977-03-23,2020-08-06,117,BENZ,628
DC227XC,3937,641,140,2,1982-04-20,2025-01-03,111,ELET,629
QY984ZD,4536,627,230,3,1937-01-26,2024-11-10,176,ELET,630
EB812YW,4687,905,12,3,2012-12-23,2025-02-15,75,BENZ,631
CE695DL,2099,567,155,2,1984-03-21,2019-02-16,188,GPL,632
PQ216QD,2073,808,117,2,2007-02-19,2021-02-20,158,GPL,633
IT691KQ,3729,145,284,1,1966-11-11,2020-08-08,72,DIES,634
AV839ZT,2729,904,73,2,1901-12-26,2019-12-31,149,GPL,635
PH153IH,3791,248,83,2,1900-08-11,2021-06-05,4,ELET,636
SL158JG,2584,147,97,1,1991-11-27,2023-10-11,178,MET,637
QH317EL,3612,898,123,3,2003-12-26,2024-11-30,19,DIES,638
UZ718XD,2014,241,104,4,1967-10-14,2023-04-06,72,MET,639
SG859SN,3108,58,143,3,1940-08-14,2018-01-23,90,DIES,640
DE295CM,4508,695,183,2,1963-04-10,2018-12-12,145,GPL,641
TT597XU,3711,683,71,3,1989-02-06,2023-06-07,80,DIES,642
GW275OH,3851,115,222,2,1960-01-17,2020-03-08,71,GPL,643
LH542KK,4583,886,62,4,1951-06-08,2018-12-26,154,MET,644
NS612AY,1179,567,125,3,1937-11-20,2020-12-10,7,MET,645
WI520CZ,2021,593,203,1,2014-11-09,2018-04-06,119,DIES,646
EB465OX,3812,665,70,4,1904-12-27,2024-09-23,139,DIES,647
NY634QO,2704,354,234,1,1933-08-17,2019-07-09,127,MET,648
TW611WF,1449,799,223,1,1929-08-15,2021-08-15,106,MET,649
FY848KW,3900,709,9,1,1962-04-10,2020-11-13,195,MET,650
ML962DN,1526,399,273,3,1938-08-11,2024-05-16,131,GPL,651
PB350TZ,1942,167,83,4,1958-08-04,2019-11-23,64,GPL,652
CG902RH,3709,822,234,2,1931-04-26,2024-02-03,141,GPL,653
RU561VX,0,0,0,0,2006-03-23,2024-02-19,65,TR,654
CU855XX,3237,55,279,3,1924-04-13,2021-02-12,94,ELET,655
JM079PQ,4263,448,199,2,1920-08-13,2019-08-12,121,MET,656
SJ359WH,2211,951,260,3,1926-11-19,2019-09-27,67,GPL,657
UR505JQ,1317,257,185,2,1995-10-27,2018-12-27,118,GPL,658
WV207IR,3141,131,286,2,1958-11-11,2017-02-09,20,ELET,659
NR507SJ,1709,756,64,2,1981-02-20,2022-06-08,149,MET,660
TK912ED,4444,658,205,3,1933-08-12,2019-12-13,181,DIES,661
YT524AZ,1613,380,8,4,1955-03-24,2023-10-09,134,ELET,662
KZ251KO,3574,540,116,2,1910-04-12,2018-08-05,54,MET,663
DF133KJ,2464,429,213,4,1955-03-25,2017-09-08,74,DIES,664
ZL657VD,3674,311,41,1,1922-12-10,2023-05-19,136,MET,665
AD137UF,3561,462,113,2,1921-05-26,2017-07-11,87,ELET,666
UV814IH,3438,975,174,1,1903-11-01,2017-05-19,83,GPL,667
ZG038NE,3137,158,74,2,1973-03-25,2021-06-21,85,BENZ,668
KY948DI,4776,359,151,3,1917-06-27,2021-03-24,163,GPL,669
DN466BX,2491,304,181,2,1902-02-18,2018-06-24,23,BENZ,670
EM959FT,2752,228,159,3,1974-06-13,2021-08-30,15,GPL,671
OY105OX,4024,731,156,3,1916-02-12,2024-05-20,128,BENZ,672
YF448YW,3449,108,154,1,2008-11-08,2020-05-22,83,BENZ,673
PS475FG,2216,67,26,2,1916-03-27,2021-09-22,125,DIES,674
UI535EM,1409,875,29,4,1952-09-23,2017-04-05,119,ELET,675
VF228PN,3480,925,53,1,1982-09-25,2018-12-09,151,MET,676
PF213OX,2333,418,45,3,2003-03-23,2020-08-10,59,GPL,677
IF741WB,3127,507,153,3,2005-02-22,2024-07-10,38,MET,678
LV511FL,1211,493,76,3,1993-05-15,2017-10-02,191,MET,679
BE233JT,3867,550,55,4,1988-05-05,2023-09-05,82,ELET,680
PR348MS,1217,266,90,1,1992-11-24,2024-05-01,30,DIES,681
KT522QX,1152,346,280,4,1945-05-09,2017-05-09,47,ELET,682
GW808XH,1353,264,168,4,1980-11-28,2016-02-18,163,ELET,683
MD636GA,4279,273,270,4,1991-09-18,2017-06-19,86,MET,684
YU668TR,3915,250,59,1,1935-05-15,2021-05-20,186,ELET,685
QW233XK,2361,822,21,4,1972-01-10,2019-03-17,6,MET,686
HF059GC,1743,322,122,1,1965-11-12,2021-01-29,124,GPL,687
ZC126ZR,3657,807,241,2,1917-01-28,2018-05-28,160,MET,688
UR791AE,1887,638,44,4,1959-11-04,2017-05-18,162,DIES,689
HS363PR,4672,514,247,3,2005-06-08,2023-02-18,12,ELET,690
YQ165ED,1435,695,292,4,1970-06-21,2017-05-06,105,DIES,691
TD395RK,3419,136,143,4,1997-02-19,2018-06-11,138,BENZ,692
QH869ON,1915,966,66,2,1979-03-23,2018-08-16,189,BENZ,693
MO948UE,1926,445,243,4,1981-09-26,2018-12-15,182,MET,694
DM051CU,1301,61,184,4,1929-05-28,2022-11-14,83,MET,695
NU015KW,1492,229,160,2,2000-06-16,2016-03-09,126,BENZ,696
JC381AR,4106,317,93,4,1993-02-13,2018-12-14,150,GPL,697
FM664RD,1082,128,79,1,1930-12-25,2023-08-05,122,BENZ,698
OS633ZF,3917,644,27,1,2009-07-13,2017-04-25,170,BENZ,699
PU534KO,4724,859,32,4,1974-10-26,2018-12-30,75,GPL,700
PL099HW,2394,770,278,2,1942-11-08,2017-12-11,53,DIES,701
RF359NJ,4941,837,218,2,1924-10-11,2020-05-18,187,ELET,702
GQ244CK,3613,820,117,4,1943-11-11,2020-06-30,129,DIES,703
JW050BX,3223,423,183,2,1915-09-12,2023-10-09,60,MET,704
RG072QN,2842,921,284,2,1901-09-19,2017-03-30,75,MET,705
RJ581YF,3755,61,208,4,1938-04-21,2024-07-14,10,MET,706
CK384PN,4624,805,279,2,1925-08-21,2022-12-05,199,BENZ,707
SD683PJ,4870,892,125,1,2000-12-01,2021-10-02,157,GPL,708
GY214GG,4071,216,146,2,1900-12-26,2018-01-01,41,ELET,709
ZR439EF,2046,361,251,4,1919-12-15,2016-09-13,99,MET,710
YU981OF,2333,866,194,4,2001-01-22,2024-09-17,75,DIES,711
GW591GQ,3250,874,281,1,2008-05-21,2023-04-29,183,MET,712
JZ054JR,2371,311,237,1,1914-09-02,2019-04-19,133,MET,713
WJ757XJ,4714,442,76,4,1908-04-17,2018-12-15,160,GPL,714
NG140UV,3933,409,272,2,1902-04-22,2024-04-20,192,DIES,715
RH793LS,2768,370,139,4,1994-02-27,2020-11-14,116,BENZ,716
HR485DD,2968,648,94,1,1911-09-23,2021-08-06,66,DIES,717
VQ892GA,2360,991,23,3,1919-12-21,2016-03-02,28,MET,718
GS245YJ,1137,136,92,4,1915-08-08,2017-07-20,27,MET,719
GO192XS,4789,937,253,1,1960-03-21,2024-01-18,34,ELET,720
TC125PW,2749,565,222,2,1934-02-08,2017-07-27,39,BENZ,721
JX955QL,4143,457,31,3,1936-12-15,2019-02-24,27,ELET,722
YS624EQ,2322,171,62,2,1998-12-01,2021-06-13,196,ELET,723
FV987ZS,2492,59,249,1,1924-08-28,2024-11-19,57,DIES,724
RW104DC,3410,202,109,2,1995-01-05,2024-08-04,54,BENZ,725
CV693FW,2463,227,198,4,1910-07-24,2025-03-06,166,GPL,726
NI634GQ,2156,706,67,4,1953-10-26,2018-10-20,27,ELET,727
LI433HF,3270,131,89,2,1927-03-08,2018-03-06,103,MET,728
QC022LV,1638,828,59,4,1910-04-18,2022-11-30,82,DIES,729
LP139MA,1679,555,86,3,2003-11-01,2019-03-07,22,BENZ,730
QX411QF,3177,366,197,3,2005-01-26,2020-06-15,82,GPL,731
ZT899QA,3113,693,232,4,1916-04-26,2020-05-21,50,ELET,732
OT758MV,2928,199,178,1,1982-11-25,2017-06-14,42,MET,733
QF756HP,4754,229,26,4,1913-01-05,2018-08-25,112,BENZ,734
CI553PZ,3093,384,98,3,2014-02-21,2024-01-17,117,GPL,735
SV890ZW,3406,550,128,2,2000-05-17,2022-11-27,50,BENZ,736
KM834RH,2201,863,38,4,1955-10-13,2023-08-15,174,DIES,737
CM408QC,1858,983,4,1,1901-04-21,2018-02-16,7,DIES,738
FH391FQ,2970,232,101,3,1974-10-28,2023-05-04,198,DIES,739
RZ890MW,1802,655,203,4,1930-07-21,2019-11-26,124,MET,740
SR920ZL,2679,60,166,4,1930-12-17,2022-04-03,125,BENZ,741
VL849BS,4490,420,117,1,1955-04-26,2018-08-20,170,DIES,742
AX978KO,1294,253,211,4,2004-03-25,2023-12-22,140,DIES,743
OJ559AT,2448,90,135,2,1969-06-10,2018-04-22,156,BENZ,744
AS073DD,3003,919,144,3,1934-08-12,2023-09-26,130,DIES,745
OT500QB,1663,375,6,2,1938-06-13,2024-06-02,145,GPL,746
GE343SQ,2600,861,289,3,1938-03-25,2021-02-17,151,MET,747
OR536RL,1355,433,33,4,1955-07-28,2024-03-13,178,DIES,748
GO538CA,1980,379,42,1,1963-12-07,2023-04-14,77,MET,749
BN023BY,1509,150,193,4,1902-11-10,2021-03-19,158,BENZ,750
NE770LK,2695,875,267,2,1929-12-09,2020-12-01,133,DIES,751
VH316MO,4969,289,280,3,1947-03-16,2024-08-12,46,BENZ,752
KH990NG,4082,733,203,1,1951-10-15,2019-10-23,97,BENZ,753
MZ927LW,2363,621,273,4,1992-06-12,2017-12-27,8,MET,754
AS839CB,3741,294,27,4,1938-04-01,2019-10-27,159,MET,755
OH323EB,2718,741,112,1,1954-08-07,2016-05-10,187,MET,756
CF655CM,2459,598,295,4,1966-02-24,2017-03-29,144,BENZ,757
SM680TF,4826,970,126,4,1981-01-01,2021-02-04,169,MET,758
II457CE,2292,712,60,4,1930-03-07,2022-02-14,87,BENZ,759
FT646FL,3452,245,140,1,2002-05-26,2021-03-25,122,BENZ,760
TA532ED,4982,232,139,1,1919-09-02,2018-05-17,163,GPL,761
RD601NU,3141,434,6,2,1971-03-15,2017-04-03,186,BENZ,762
GP606AE,4175,964,218,2,1952-01-28,2017-01-16,59,DIES,763
IV095PL,4238,763,218,4,1914-08-22,2023-06-24,112,DIES,764
GL484ML,3714,370,18,2,1951-04-17,2019-04-12,163,DIES,765
FF321BY,2422,136,121,4,2001-03-13,2021-10-26,180,BENZ,766
BH876PK,4534,251,230,4,1948-02-21,2025-02-23,45,ELET,767
ZL679IJ,4175,920,179,2,1984-01-21,2017-05-07,17,MET,768
SG670ST,3061,480,144,1,1906-09-25,2020-10-21,95,MET,769
RJ493AT,3932,433,126,1,1915-03-15,2019-03-30,58,GPL,770
MH888SA,2393,903,16,3,1945-12-27,2018-10-03,44,GPL,771
LT489HB,1101,591,241,3,1984-08-01,2023-08-15,102,GPL,772
EQ176UI,3703,363,101,2,1928-01-26,2018-09-13,188,DIES,773
KR288LQ,4991,127,142,4,1995-03-06,2019-08-10,79,DIES,774
PR249GN,4662,642,243,2,2011-12-21,2021-05-23,181,GPL,775
IW978CG,3095,63,254,4,2001-02-28,2022-04-05,181,ELET,776
FC994IM,2466,475,131,1,1990-08-20,2022-01-12,43,ELET,777
LR036ZM,3604,567,80,3,2000-02-17,2024-08-05,55,BENZ,778
KQ340LI,4602,195,25,2,1987-10-01,2017-07-27,165,MET,779
FP489EZ,3787,774,260,4,1968-06-25,2024-12-16,144,BENZ,780
CD276DK,3782,424,18,2,1913-02-07,2022-03-10,116,DIES,781
XC765PP,2762,648,51,1,1906-08-14,2021-07-15,38,ELET,782
XH355UE,4004,480,107,1,1954-01-28,2021-06-27,180,BENZ,783
NR238MU,3771,513,241,4,2009-11-20,2019-05-13,166,GPL,784
RZ571PD,2940,992,87,4,1932-03-07,2017-12-20,135,DIES,785
NN999RO,3429,925,201,2,1900-06-17,2024-11-30,158,MET,786
TU154VI,2122,468,234,4,1999-08-22,2019-03-07,132,ELET,787
XK349FW,4431,612,52,4,1995-08-24,2020-12-15,3,ELET,788
GI212BG,4170,231,269,3,1933-09-09,2019-01-15,96,ELET,789
OC665SI,2271,625,84,2,1949-08-28,2017-11-28,189,BENZ,790
NB734LV,3907,876,204,3,1915-08-09,2017-06-12,67,DIES,791
IQ194XS,4854,418,224,3,1912-07-04,2023-11-27,20,DIES,792
HO543EE,3051,373,242,4,2001-11-05,2022-09-16,163,BENZ,793
LX291WH,3776,308,204,3,1987-06-16,2019-01-10,128,BENZ,794
LM132XR,4243,413,176,2,1981-08-08,2020-04-22,110,GPL,795
DZ932RA,2772,587,274,2,1906-10-22,2023-09-08,39,BENZ,796
YY002BV,2520,486,70,4,1959-05-17,2024-07-11,167,MET,797
FP297FM,1175,714,288,1,2009-08-14,2022-02-28,189,MET,798
LQ112SA,2703,352,128,1,1967-05-07,2018-12-21,80,GPL,799
XC320WG,1035,594,198,4,1919-01-13,2023-04-28,48,GPL,800
YZ762FF,2380,966,203,4,1978-03-10,2023-10-12,163,BENZ,801
MK702VD,2477,831,167,1,1945-09-27,2021-11-17,145,DIES,802
UI017OB,3587,606,265,2,1921-06-17,2022-06-16,8,DIES,803
NK422YW,1622,56,296,4,2001-03-26,2017-10-07,36,BENZ,804
ZK027JP,4634,897,221,4,1912-02-18,2017-02-18,60,GPL,805
OS282AR,2518,857,148,3,1967-12-19,2018-08-19,130,ELET,806
LT456HJ,2261,503,77,4,1944-05-23,2019-03-12,188,ELET,807
KM176RQ,4936,467,283,3,1981-09-27,2019-08-06,92,ELET,808
TN078NB,4701,498,118,3,1904-08-02,2018-10-17,177,BENZ,809
WM874BC,2315,664,88,3,2006-10-28,2017-07-02,97,DIES,810
UT118YT,3740,936,260,1,1902-10-07,2021-12-05,136,GPL,811
UA108GD,2931,143,41,3,1992-11-21,2020-12-22,20,ELET,812
SN874OS,1251,350,60,4,1947-08-17,2023-03-31,72,ELET,813
CO412GP,2772,682,241,1,1997-05-25,2023-11-01,89,ELET,814
JJ342DS,2944,94,259,1,1915-08-05,2021-06-07,186,DIES,815
BH404RP,3720,618,213,4,1994-09-23,2023-01-19,197,BENZ,816
IP951MM,2205,103,265,4,2001-05-10,2024-03-20,45,GPL,817
ZF182CM,1857,963,19,4,1921-03-12,2022-12-22,125,ELET,818
TJ882AR,4147,965,286,4,1971-11-25,2019-08-04,140,ELET,819
IK646DH,1757,768,7,2,1936-12-03,2019-05-21,106,GPL,820
NW655BF,1273,255,95,4,1916-03-21,2023-09-12,190,GPL,821
LR148FV,3768,393,58,4,1907-10-15,2023-04-11,189,MET,822
BP786VC,2671,876,114,4,1923-06-19,2020-07-25,186,ELET,823
KV136UD,1039,341,171,4,2011-12-12,2022-08-17,57,BENZ,824
GM889BZ,4251,560,275,1,1974-08-05,2017-11-26,82,DIES,825
GH481LY,4628,372,68,4,1979-07-28,2018-08-06,101,GPL,826
MR577FG,2980,349,265,4,1950-07-24,2016-01-28,196,BENZ,827
RI248WE,3776,868,231,1,1930-03-07,2022-10-11,39,DIES,828
WM437QY,2825,556,279,1,1948-01-04,2019-11-30,178,MET,829
OF737EM,4452,894,14,2,1986-01-08,2017-10-28,58,ELET,830
CF879XP,3505,213,116,4,1901-08-14,2018-08-17,107,MET,831
RM212KC,2066,956,103,2,1962-03-08,2017-11-09,184,GPL,832
WB537ZB,3551,845,232,4,2008-05-21,2020-03-02,77,MET,833
QA733EK,2726,301,19,4,1902-12-18,2020-06-23,143,GPL,834
PA927ET,2937,751,28,4,1944-01-23,2019-07-13,132,GPL,835
XB386YO,3333,718,254,2,1970-03-07,2023-05-14,130,DIES,836
FA920MK,2022,195,57,3,1950-10-20,2022-03-07,139,GPL,837
TW709BE,3601,158,100,2,1969-09-20,2021-06-20,167,MET,838
JA419AU,4148,301,208,4,1949-04-16,2023-04-16,88,DIES,839
JA631FF,3308,933,183,4,1994-11-27,2022-08-16,97,ELET,840
QK788NX,4240,651,296,1,1936-09-09,2020-04-29,195,BENZ,841
KY842JU,3482,952,256,4,1914-01-03,2016-07-13,92,ELET,842
AQ001VR,3479,377,191,1,1908-04-11,2021-08-24,30,ELET,843
MF457PL,1032,441,184,1,1977-12-07,2020-01-04,31,MET,844
MN562QL,1081,346,195,1,1936-02-11,2017-02-18,24,ELET,845
DX490ZM,3193,646,88,4,2014-12-22,2022-11-07,40,DIES,846
LO186LB,1743,707,58,3,1965-12-17,2019-07-10,174,ELET,847
MH594YK,3614,971,284,2,1922-11-13,2018-08-21,122,BENZ,848
ZC781CG,3515,177,268,3,1977-09-28,2017-10-28,126,ELET,849
EG219LU,4931,355,186,4,1951-06-27,2020-03-23,120,ELET,850
VF943JL,4924,404,11,4,1935-11-14,2021-06-14,173,GPL,851
ED709ZM,3385,720,166,1,1910-12-16,2023-06-30,114,ELET,852
KZ620LE,4545,875,107,4,1909-07-01,2016-01-30,173,BENZ,853
VU128QY,1986,60,122,3,1995-11-01,2024-11-24,73,DIES,854
CQ676VU,1349,85,71,1,1975-08-11,2020-10-27,89,BENZ,855
IC991OK,2941,69,191,4,1954-04-24,2020-04-10,130,GPL,856
TW268HA,4305,749,240,2,1959-01-18,2017-10-13,148,MET,857
EA376IB,3341,201,105,4,1952-02-01,2022-09-22,19,DIES,858
ZB429OR,1901,953,251,2,1998-01-19,2018-05-12,81,DIES,859
MU608NZ,3116,919,170,4,1992-01-12,2021-01-26,22,BENZ,860
EY173LC,3700,840,91,3,1903-06-28,2022-02-19,185,ELET,861
JO503QR,2676,389,288,4,1902-11-21,2021-06-07,157,GPL,862
GX201WW,2557,649,212,4,1966-08-18,2024-01-01,73,GPL,863
VW572LP,4610,724,86,4,1951-03-07,2020-07-20,166,ELET,864
EO615AF,1772,706,152,4,1941-04-13,2024-06-08,63,BENZ,865
QV578DW,3708,393,36,4,1931-04-09,2017-10-05,47,MET,866
TV114IW,2165,690,152,4,1901-04-05,2023-10-05,110,MET,867
FN128EY,2484,131,255,1,1925-12-24,2023-02-15,130,MET,868
WA134AH,2756,550,26,4,1922-02-19,2022-07-10,1,ELET,869
JI606YR,3057,405,200,2,1928-11-05,2023-06-22,108,DIES,870
RH098PG,3002,698,57,1,1989-10-20,2021-09-22,81,ELET,871
YP574EG,1744,226,188,4,1952-05-14,2023-01-18,105,BENZ,872
ZH822QM,1010,464,252,3,1950-11-18,2020-10-08,172,BENZ,873
XX458HP,2378,882,257,3,1961-03-26,2017-10-16,157,BENZ,874
BI219SC,2297,759,199,3,1926-06-01,2021-08-13,113,BENZ,875
LC050GJ,1912,336,193,3,1956-05-06,2019-12-07,107,GPL,876
LS967HH,4905,168,0,2,1992-06-05,2017-11-16,148,DIES,877
QZ885FN,3069,773,189,4,1979-03-09,2022-04-12,23,DIES,878
LF755HJ,4462,931,297,3,1968-03-01,2020-05-22,179,DIES,879
PJ557NR,1679,177,99,2,1997-09-06,2018-02-05,5,MET,880
YV670VN,1370,322,79,4,1939-10-06,2019-02-01,43,DIES,881
IK772JQ,4545,910,127,1,1930-07-27,2017-02-26,124,ELET,882
AC841XQ,4435,202,2,4,1986-04-13,2022-08-08,66,ELET,883
HQ591YJ,3163,355,109,3,1994-08-16,2017-01-18,79,GPL,884
JK014TU,3913,527,171,2,1932-08-15,2021-04-09,50,BENZ,885
WT510WJ,3896,598,215,1,2003-07-01,2023-03-23,51,ELET,886
AR247KS,2984,94,69,4,1988-08-20,2018-01-06,141,DIES,887
SA547QO,1746,439,122,4,1928-05-12,2017-01-07,64,ELET,888
GL022PX,1264,879,105,4,1918-04-10,2022-06-27,67,MET,889
GH138VF,1040,977,238,2,1953-10-13,2019-10-02,181,GPL,890
QB256QH,3234,577,254,2,1943-05-08,2022-09-07,51,MET,891
BC376BO,2170,353,115,1,1908-03-07,2020-11-29,7,BENZ,892
GL907UR,1941,589,81,2,1989-03-25,2021-09-28,51,GPL,893
KN043DQ,4129,294,123,1,1951-12-06,2017-12-25,34,GPL,894
OE210PZ,4810,576,269,3,1901-03-21,2023-12-16,29,GPL,895
OO106LP,3322,408,172,2,1986-09-11,2024-09-27,112,BENZ,896
TQ926UC,4022,539,195,3,1924-10-12,2019-12-17,22,ELET,897
II686FN,1428,178,239,4,2001-11-06,2019-05-13,124,GPL,898
ZJ336BY,4840,995,271,4,1905-03-14,2021-04-26,178,MET,899
VZ869SQ,2851,384,11,2,1986-06-09,2021-04-16,136,GPL,900
JE141JR,4429,724,197,2,1992-01-14,2021-03-21,6,MET,901
OP977CN,1601,661,237,4,2013-11-22,2021-02-28,123,BENZ,902
PJ045YL,4925,859,1,1,1940-10-25,2020-06-20,49,DIES,903
YR003LK,1359,733,91,4,1955-04-12,2017-03-26,32,MET,904
QE122WN,2051,833,128,3,1960-02-13,2024-03-11,190,ELET,905
XX061XG,2365,905,203,4,1949-01-02,2021-01-18,131,BENZ,906
JY011CK,3669,704,8,2,1947-09-11,2021-05-12,195,ELET,907
RO354OD,3251,297,49,3,1960-04-21,2021-04-21,143,GPL,908
LI337WG,1359,439,283,3,1966-02-19,2021-08-13,156,DIES,909
BA014KV,2581,540,201,2,1912-06-11,2019-11-29,79,GPL,910
FP955EF,2198,558,154,2,1978-06-07,2024-12-20,196,DIES,911
ZP031XN,1517,253,272,4,1903-09-23,2020-02-15,30,BENZ,912
DQ769WT,2089,456,233,3,1939-01-22,2020-07-04,142,ELET,913
KA418SV,3210,162,117,4,1914-06-09,2022-09-02,22,MET,914
DW396XU,1786,255,225,4,1949-11-23,2017-03-20,52,GPL,915
JA985JD,1170,733,13,4,1926-02-01,2018-12-23,14,ELET,916
NZ046MK,2361,609,193,3,1998-12-27,2021-01-26,35,GPL,917
UI338LA,3503,538,136,4,1982-10-11,2024-10-28,26,GPL,918
GE533FH,4963,113,257,4,1990-08-01,2022-03-17,83,GPL,919
QI932NE,1657,984,295,4,1904-02-26,2020-04-22,32,ELET,920
WJ875AF,1500,773,214,4,1931-09-14,2020-04-21,73,ELET,921
IV817AI,3563,667,238,4,1966-10-12,2022-11-04,156,GPL,922
VQ626EJ,3444,368,209,1,1963-11-08,2018-09-12,14,ELET,923
FB086FQ,4620,851,51,1,1914-12-13,2017-07-13,108,DIES,924
WQ840LS,4615,366,25,4,1927-05-08,2021-11-10,130,DIES,925
HV580WR,3247,179,282,1,1995-04-14,2017-01-15,12,GPL,926
TF178UQ,3188,415,4,3,1915-11-14,2017-01-16,48,MET,927
PE569HF,3126,593,184,4,1942-01-21,2021-11-30,116,ELET,928
LE763EQ,2071,908,202,4,1967-05-05,2017-05-19,59,GPL,929
YV845EM,2159,741,86,2,2001-09-10,2020-04-07,157,GPL,930
XR999BV,3694,747,209,2,1934-01-20,2020-09-30,177,BENZ,931
RG353IK,4403,239,266,2,1909-12-21,2023-09-05,11,BENZ,932
KI448EE,2671,871,283,2,2005-05-23,2023-12-13,55,ELET,933
NM860EW,4434,530,145,3,1995-08-23,2020-02-05,58,MET,934
CQ395HG,2005,224,212,3,1948-12-10,2020-03-17,131,GPL,935
VW931SP,3499,337,86,3,1987-01-15,2017-02-01,143,MET,936
ZY244PJ,1482,556,234,4,1933-06-16,2020-04-12,154,BENZ,937
FB597TY,4801,677,203,4,1919-03-15,2018-01-09,77,ELET,938
OZ036XH,3777,894,291,2,1936-01-03,2024-10-24,113,MET,939
UP017MS,1149,345,218,1,1908-09-20,2023-11-08,112,DIES,940
TE321JN,4172,842,237,4,1974-09-27,2020-04-29,107,ELET,941
PC208NS,1591,667,19,2,1919-06-01,2024-03-15,3,DIES,942
KF132EA,1645,980,116,2,1942-12-05,2017-05-25,138,MET,943
AA165DM,3247,690,46,4,1980-01-06,2020-01-05,105,GPL,944
UZ120XS,1801,833,248,1,1969-07-08,2022-06-24,55,DIES,945
VJ003ES,4211,188,175,4,1921-01-15,2019-12-30,40,BENZ,946
BZ227LC,1736,543,100,4,1990-05-21,2025-01-01,116,BENZ,947
UM417CG,1036,613,198,4,1924-07-15,2022-05-14,82,BENZ,948
HQ185GG,1635,895,270,4,2004-03-11,2017-07-04,116,MET,949
OZ138FV,1400,567,81,4,1913-05-03,2019-06-10,115,BENZ,950
RP946JC,3454,270,213,1,1932-06-10,2017-07-28,117,MET,951
YR449XS,2297,148,33,4,1977-08-01,2019-08-26,135,ELET,952
PF066AI,4542,880,201,4,1963-06-18,2017-07-21,152,ELET,953
NK142SN,2091,589,143,3,1914-04-20,2025-03-20,198,DIES,954
EW677HE,1283,935,202,2,1927-07-22,2020-04-15,63,DIES,955
PJ053SZ,3332,940,16,4,1955-07-14,2022-06-24,3,MET,956
LR418AW,3663,855,224,2,1944-05-26,2021-11-14,49,BENZ,957
MU807YT,2602,595,25,4,1912-11-23,2019-11-19,14,ELET,958
AA831BO,1656,615,85,3,1922-01-22,2023-03-07,12,BENZ,959
OX181EX,2631,554,97,4,1927-08-08,2020-03-04,187,ELET,960
NU406ZF,2679,588,118,3,1945-05-11,2020-03-17,50,BENZ,961
SV582GC,3036,987,112,4,1949-10-27,2019-04-28,191,ELET,962
GD203KH,2479,218,180,2,1906-05-27,2020-01-17,21,BENZ,963
OY292XU,2156,307,182,4,1938-04-10,2022-03-07,110,BENZ,964
OR273PH,4326,191,36,4,1958-10-24,2019-10-01,158,GPL,965
BQ369WM,1577,153,258,1,2005-01-20,2022-12-24,35,GPL,966
KG014VU,2889,694,109,1,1946-06-21,2024-05-19,176,ELET,967
JN149GF,4089,398,147,2,1937-07-11,2017-05-01,173,DIES,968
EJ104DY,4197,722,38,4,1995-05-15,2021-07-18,111,MET,969
DR588GR,3478,918,25,4,1926-12-20,2020-08-28,188,GPL,970
RH667WD,4490,410,3,3,1953-12-19,2022-12-07,167,BENZ,971
AF385BS,3744,189,5,3,2011-07-20,2019-05-15,54,MET,972
BD119RN,4133,102,279,3,1993-03-13,2024-02-27,165,ELET,973
ZI476NK,3197,168,159,4,1910-12-17,2021-06-17,4,DIES,974
QQ867TV,1825,454,3,2,1963-11-09,2018-11-18,125,GPL,975
XC126TI,2643,537,245,4,1973-02-17,2022-03-23,156,DIES,976
WF452LV,2776,436,46,1,1949-08-15,2021-07-25,160,GPL,977
YR121GK,2070,145,122,4,1920-02-27,2024-02-05,37,DIES,978
ZX828VU,3345,367,89,2,1989-01-11,2018-11-29,125,ELET,979
OD249SJ,4110,761,225,3,1923-02-27,2022-10-03,100,BENZ,980
FR091ZV,1185,913,113,2,1909-09-18,2020-01-11,49,ELET,981
GS165GG,2910,133,273,4,1934-12-08,2018-06-21,150,GPL,982
BI797QF,4608,567,293,4,1918-10-19,2020-04-27,22,DIES,983
KO903UH,4031,325,278,3,1986-11-05,2018-07-14,118,GPL,984
WN021QB,2821,72,74,1,1998-11-01,2019-12-16,146,ELET,985
PU610QI,4284,874,3,4,1979-01-25,2022-06-26,166,ELET,986
DU227WJ,2538,198,54,2,1996-02-25,2022-05-29,14,MET,987
QY624DO,2429,646,60,4,1990-08-01,2018-10-01,178,ELET,988
RN948PX,2138,779,120,4,1908-04-02,2019-09-15,27,BENZ,989
JI780EB,1485,893,32,4,1976-12-10,2022-08-29,81,ELET,990
VB048KE,3758,399,144,4,1959-10-02,2021-06-15,178,DIES,991
EN990VE,2142,912,212,3,1976-10-01,2017-11-11,22,BENZ,992
JA829GV,3530,572,83,4,1908-09-12,2016-05-26,1,ELET,993
GF259GF,2737,238,40,3,1923-06-02,2016-12-28,150,ELET,994
BH507KY,4842,707,151,4,1991-06-01,2023-08-06,200,DIES,995
NK041AO,3689,73,250,4,1980-04-03,2020-05-09,125,DIES,996
TH500FB,4907,999,62,1,1913-10-02,2022-12-08,42,DIES,997
XG900CQ,2082,864,252,2,2013-09-09,2020-04-14,59,BENZ,998
PD173VO,3691,951,201,1,1978-11-10,2020-05-29,101,MET,999
LA447IW,2331,889,64,4,1994-06-01,2018-09-27,76,GPL,1000